;Timeline;Start.time;Row;Instance.number;ID;LocalImpactId;PAA;PAV;PLA;PLV;Ungrouped;NAME;WLD;TestPLA;TestPAA;TestPLV;TestPAV;Crit;Crit_P;Joueur se situe-t-il dans les 15 derniers mètres?;Joueur a fait l’objet d’une attention particulière suite à l’action ?;Contact à ce moment là ?;Impact dont la localisation est claire ?;SI non, quel cas décrit le mieux la situation?;Si oui , contact direct à cet instant là ?;Contact avec ?;Intensité particulièrement élevée ?;Type de situation de rugby ?;Pour Ruck : quelle activité au ruck ?;Pour plaquage : joueur a dominé l’impact ?;Pour plaquage : situation de pick and go ?;Pour plaquage : vitesse de course du PDB ;Pour plaquage : vitesse de course du plaqueur ;Pour plaquage : angle de course entre PDB et plaqueur;Pour plaquage : premier point de contact pour le plaqueur;Pour plaquage : premier point de contact pour le PDB;Pour plaquage : signal du point de contact correspond au premier point de contact ?;Si oui, position du plaqueur à ce moment là;Si oui, position du PDB à ce moment là;Si oui, pattern de course avant l’impact;Pour plaquage : quel est le rôle du joueur ?;Si PDB : balle du bon côté ?;Si plaqueur : ordre de plaquage;Si plaqueur : position de la tête du bon côté ?;Si plaqueur : raccourcissement foulée avant impact;Si plaqueur : dos droit ?
2;U21_T6N_Angleterre-France_231321;995.378;AFFANE CODÉ;2;AFFANE_26;26;2221;21.5;22.7;1.8;2. 1, 2. 0, 3. 1, 3.2 1, 3.2.2 1, 3.2.2.2 1, 3.2.2 0, 4. 12;AFFANE;2.4;1;1;1;1;1;1;1;0;1;1;55;1;1;0;12;55;55;55;55;55;55;55;55;55;55;55;55;55;55;55;55;55;55
2;U21_T6N_Angleterre-France_231321;4647.376144444444;AFFANE CODÉ;2;AFFANE_Pas d’impact;Pas d’impact;0;0;0;0;2. 0, 2. 0, 3. 1, 3.2 1, 3.2.2 0, 3.2.2 0, 4. 6, 4.2 18;AFFANE;0;0;0;0;0;0;0;0;0;1;1;55;0;55;0;6;18;55;55;55;55;55;55;55;55;55;55;55;55;55;55;55;55;55
3;U21_T6N_Angleterre-France_231321;5143.916277777778;AFFANE CODÉ;3;AFFANE_Pas d’impact;Pas d’impact;0;0;0;0;2. 0, 2. 0, 3. 1, 3.2 1, 3.2.2 1, 3.2.2.2 2, 3.2.2 1, 4. 6, 4.2 18;AFFANE;0;0;0;0;0;0;0;0;0;1;1;55;1;2;1;6;18;55;55;55;55;55;55;55;55;55;55;55;55;55;55;55;55;55
4;U21_T6N_Angleterre-France_231321;2291.292322222222;CAPILLA CODÉ;2;CAPILLA_Pas d’impact;Pas d’impact;0;0;0;0;2. 1, 2. 0, 3. 1, 3.2 1, 3.2.2 0, 3.2.2 0, 4. 13;CAPILLA;0;0;0;0;0;0;0;1;0;1;1;55;0;55;0;13;55;55;55;55;55;55;55;55;55;55;55;55;55;55;55;55;55;55
5;U21_T6N_Angleterre-France_231321;2452.532;CAPILLA CODÉ;2;CAPILLA_21;21;563;2;9.4;1.4;2. 0, 2. 0, 3. 0, 3.2 20;CAPILLA;1.4;1;1;1;1;1;1;0;0;0;55;20;55;55;55;55;55;55;55;55;55;55;55;55;55;55;55;55;55;55;55;55;55;55
6;U21_T6N_Angleterre-France_231321;2732.2659777777777;CAPILLA CODÉ;3;CAPILLA_Pas d’impact;Pas d’impact;0;0;0;0;2. 0, 2. 0, 3. 1, 3.2 1, 3.2.2 0, 3.2.2 0, 4. 10, 4.2 1, 4.3 0, 4.4 26, 4.5 25, 4.6 29, 4.7 31, 4.8 40, 4.9 1, 4.9.2  43, 4.9.2 42, 4.9.3 46, 4.21 47, 4.23.2 1;CAPILLA;0;0;0;0;0;0;0;0;0;1;1;55;0;55;0;10;55;1;0;26;25;29;31;40;1;44;42;46;47;1;55;55;55;55
7;U21_T6N_Angleterre-France_231321;2221.9453555555556;CAPILLA CODÉ;4;CAPILLA_Pas d’impact;Pas d’impact;0;0;0;0;2. 0, 2. 0, 3. 1, 3.2 1, 3.2.2 0, 3.2.2 0, 4. 6, 4.2 17;CAPILLA;0;0;0;0;0;0;0;0;0;1;1;55;0;55;0;6;17;55;55;55;55;55;55;55;55;55;55;55;55;55;55;55;55;55
8;U21_T6N_Angleterre-France_231321;2412.374177777778;CAPILLA CODÉ;5;CAPILLA_Pas d’impact;Pas d’impact;0;0;0;0;2. 0, 2. 0, 3. 1, 3.2 0, 3.2 21, 4. 6, 4.2 17;CAPILLA;0;0;0;0;0;0;0;0;0;1;0;21;55;55;55;6;17;55;55;55;55;55;55;55;55;55;55;55;55;55;55;55;55;55
9;U21_T6N_Angleterre-France_231321;2519.4875666666667;CAPILLA CODÉ;6;CAPILLA_Pas d’impact;Pas d’impact;0;0;0;0;2. 0, 2. 0, 3. 1, 3.2 1, 3.2.2 1, 3.2.2.2 1, 3.2.2 0, 4. 6, 4.2 17;CAPILLA;0;0;0;0;0;0;0;0;0;1;1;55;1;1;0;6;17;55;55;55;55;55;55;55;55;55;55;55;55;55;55;55;55;55
21;U21_T6N_Angleterre-France_231321;3174.225;CAPILLA CODÉ;7;CAPILLA_29;29;4282;26.2;32.8;2.5;2. 0, 2. 0, 3. 1, 3.2 1, 3.2.2 1, 3.2.2.2 1, 3.2.2 0, 4. 10, 4.2 24, 4.3 0, 4.4 26, 4.5 25, 4.6 28, 4.7 1 , 4.8 1 , 4.9 1, 4.9.2  43, 4.9.2 44, 4.9.3 46, 4.21 47, 4.23.2 50;CAPILLA;22.2;1;2;1;2;2;2;0;0;1;1;55;1;1;0;10;55;24;0;26;25;28;1;1;1;43;44;46;47;50;55;55;55;55
22;U21_T6N_Angleterre-France_231321;4425.927233333334;CAPILLA CODÉ;8;CAPILLA_Pas d’impact;Pas d’impact;0;0;0;0;2. 0, 2. 0, 3. 1, 3.2 1, 3.2.2 0, 3.2.2 0, 4. 10, 4.2 1, 4.3 0, 4.4 27, 4.5 27, 4.6 30, 4.7 31, 4.8 38, 4.9 1, 4.9.2 42, 4.9.2 42, 4.9.3 46, 4.21 47, 4.23.2 1;CAPILLA;0;0;0;0;0;0;0;0;0;1;1;55;0;55;0;10;55;1;0;27;27;30;31;38;1;42;42;46;47;1;55;55;55;55
22;U21_T6N_Angleterre-France_231321;6327.612;CAPILLA CODÉ;9;CAPILLA_48;48;3514;25.5;26.8;1.8;2. 0, 2. 0, 3. 1, 3.2 0, 3.2 21, 4. 12;CAPILLA;4;1;2;1;1;2;2;0;0;1;0;21;55;55;55;12;55;55;55;55;55;55;55;55;55;55;55;55;55;55;55;55;55;55
23;U21_T6N_Angleterre-France_231321;6886.413422222223;CAPILLA CODÉ;21;CAPILLA_Pas d’impact;Pas d’impact;0;0;0;0;2. 1, 2. 0, 3. 1, 3.2 0, 3.2 21, 4. 6, 4.2 17;CAPILLA;0;0;0;0;0;0;0;1;0;1;0;21;55;55;55;6;17;55;55;55;55;55;55;55;55;55;55;55;55;55;55;55;55;55
24;U21_T6N_Angleterre-France_231321;6512.422;CASTRO CODÉ;2;CASTRO_289;289;547;3.8;21.4;1.4;2. 1, 2. 0, 3. 1, 3.2 0, 3.2 21, 4. 12;CASTRO;1.6;1;1;1;1;1;1;1;0;1;0;21;55;55;55;12;55;55;55;55;55;55;55;55;55;55;55;55;55;55;55;55;55;55
25;U21_T6N_Angleterre-France_231321;6722.428;CASTRO CODÉ;2;CASTRO_292;292;2687;3.7;24.3;1.9;2. 0, 2. 0, 3. 1, 3.2 0, 3.2 21, 4. 12;CASTRO;2.2;1;1;1;1;1;1;0;0;1;0;21;55;55;55;12;55;55;55;55;55;55;55;55;55;55;55;55;55;55;55;55;55;55
26;U21_T6N_Angleterre-France_231321;6922.179;CASTRO CODÉ;3;CASTRO_Pas d’impact;Pas d’impact;0;0;0;0;2. 1, 2. 0, 3. 1, 3.2 0, 3.2 21, 4. 6, 4.2 18;CASTRO;0;0;0;0;0;0;0;1;0;1;0;21;55;55;55;6;18;55;55;55;55;55;55;55;55;55;55;55;55;55;55;55;55;55
27;U21_T6N_Angleterre-France_231321;2823.373;GAZZOTTI CODÉ;2;GAZZOTTI_298;298;824;6.6;27.5;2.3;2. 0, 2. 0, 3. 1, 3.2 1, 3.2.2 1, 3.2.2.2 3, 3.2.2 0, 4. 10, 4.2 24, 4.3 0, 4.4 26, 4.5 25, 4.6 28, 4.7 33, 4.8 38, 4.9 1, 4.9.2  43, 4.9.2 42, 4.9.3 46, 4.21 49, 4.23.2 53, 4.23.3 1, 4.23.4 0, 4.23.5 1;GAZZOTTI;4.6;1;1;1;1;1;1;0;0;1;1;55;1;3;0;10;55;24;0;26;25;28;33;38;1;43;42;46;49;55;53;1;0;1
28;U21_T6N_Angleterre-France_231321;2229.432;GAZZOTTI CODÉ;2;GAZZOTTI_312;312;2956;21.5;48.8;2.5;2. 0, 2. 0, 3. 1, 3.2 1, 3.2.2 0, 3.2.2 0, 4. 10, 4.2 1, 4.3 0, 4.4 26, 4.5 26, 4.6 28, 4.7 33, 4.8 38, 4.9 1, 4.9.2  43, 4.9.2 43, 4.9.3 46, 4.21 47, 4.23.2 1;GAZZOTTI;6.2;2;1;1;1;2;2;0;0;1;1;55;0;55;0;10;55;1;0;26;26;28;33;38;1;43;43;46;47;1;55;55;55;55
29;U21_T6N_Angleterre-France_231321;2377.4565;GAZZOTTI CODÉ;3;GAZZOTTI_Pas d’impact;Pas d’impact;0;0;0;0;2. 0, 2. 0, 3. 1, 3.2 1, 3.2.2 1, 3.2.2.2 3, 3.2.2 0, 4. 6, 4.2 18;GAZZOTTI;0;0;0;0;0;0;0;0;0;1;1;55;1;3;0;6;18;55;55;55;55;55;55;55;55;55;55;55;55;55;55;55;55;55
21;U21_T6N_Angleterre-France_231321;2398.527;GAZZOTTI CODÉ;4;GAZZOTTI_314;314;2432;4.3;47.7;2.3;2. 0, 2. 0, 3. 1, 3.2 1, 3.2.2 1, 3.2.2.2 1, 3.2.2 1, 4. 10, 4.2 1, 4.3 0, 4.4 26, 4.5 25, 4.6 28, 4.7 33, 4.8 38, 4.9 1, 4.9.2  43, 4.9.2 42, 4.9.3 46, 4.21 49, 4.23.2 51, 4.23.3 1, 4.23.4 0, 4.23.5 1;GAZZOTTI;22.7;2;1;1;1;2;2;0;0;1;1;55;1;1;1;10;55;1;0;26;25;28;33;38;1;43;42;46;49;55;51;1;0;1
22;U21_T6N_Angleterre-France_231321;2553.556;GAZZOTTI CODÉ;5;GAZZOTTI_Pas d’impact;Pas d’impact;0;0;0;0;2. 1, 2. 0, 3. 1, 3.2 1, 3.2.2 1, 3.2.2.2 0, 3.2.2 1, 4. 12;GAZZOTTI;0;0;0;0;0;0;0;1;0;1;1;55;1;0;1;12;55;55;55;55;55;55;55;55;55;55;55;55;55;55;55;55;55;55
22;U21_T6N_Angleterre-France_231321;4344.229;GAZZOTTI CODÉ;6;GAZZOTTI_322;322;2448;27;32.9;2.8;2. 0, 2. 0, 3. 1, 3.2 1, 3.2.2 1, 3.2.2.2 2, 3.2.2 0, 4. 6, 4.2 17;GAZZOTTI;21.3;1;1;2;1;2;2;0;0;1;1;55;1;2;0;6;17;55;55;55;55;55;55;55;55;55;55;55;55;55;55;55;55;55
23;U21_T6N_Angleterre-France_231321;4887.735944444445;GAZZOTTI CODÉ;7;GAZZOTTI_Pas d’impact;Pas d’impact;0;0;0;0;2. 0, 2. 0, 3. 1, 3.2 1, 3.2.2 0, 3.2.2 0, 4. 6, 4.2 18;GAZZOTTI;0;0;0;0;0;0;0;0;0;1;1;55;0;55;0;6;18;55;55;55;55;55;55;55;55;55;55;55;55;55;55;55;55;55
24;U21_T6N_Angleterre-France_231321;5589.298;GAZZOTTI CODÉ;8;GAZZOTTI_324;324;317;4.6;5.5;1.3;2. 0, 2. 0, 3. 1, 3.2 0, 3.2 21, 4. 6, 4.2 18;GAZZOTTI;1.5;1;1;1;1;1;1;0;0;1;0;21;55;55;55;6;18;55;55;55;55;55;55;55;55;55;55;55;55;55;55;55;55;55
25;U21_T6N_Angleterre-France_231321;5865.532;GAZZOTTI CODÉ;9;GAZZOTTI_326;326;3728;26.2;22.4;2.2;2. 1, 2. 0, 3. 1, 3.2 1, 3.2.2 0, 3.2.2 0, 4. 10, 4.2 1, 4.3 0, 4.4 26, 4.5 26, 4.6 30, 4.7 31, 4.8 38, 4.9 1, 4.9.2  44, 4.9.2 42, 4.9.3 46, 4.21 47, 4.23.2 1;GAZZOTTI;21.2;1;2;1;2;2;2;1;0;1;1;55;0;55;0;10;55;1;0;26;26;30;31;38;1;44;42;46;47;1;55;55;55;55
26;U21_T6N_Angleterre-France_231321;5878.226;LIUFAU CODÉ;2;LIUFAU_27;27;715;3.8;8;1.4;2. 1, 2. 0, 3. 1, 3.2 0, 3.2 21, 4. 6, 4.2 15;LIUFAU;1.5;1;1;1;1;1;1;1;0;1;0;21;55;55;55;6;15;55;55;55;55;55;55;55;55;55;55;55;55;55;55;55;55;55
27;U21_T6N_Angleterre-France_231321;6221.526;LIUFAU CODÉ;2;LIUFAU_31;31;553;6.2;9.2;1.8;2. 1, 2. 0, 3. 1, 3.2 0, 3.2 21, 4. 12;LIUFAU;2.8;1;1;1;1;1;1;1;0;1;0;21;55;55;55;12;55;55;55;55;55;55;55;55;55;55;55;55;55;55;55;55;55;55
28;U21_T6N_Angleterre-France_231321;6222.529;LIUFAU CODÉ;3;LIUFAU_32;32;591;4.2;25.6;1.6;2. 1, 2. 0, 3. 1, 3.2 0, 3.2 21, 4. 12;LIUFAU;1.9;1;1;1;1;1;1;1;0;1;0;21;55;55;55;12;55;55;55;55;55;55;55;55;55;55;55;55;55;55;55;55;55;55
29;U21_T6N_Angleterre-France_231321;6424.122722222222;LIUFAU CODÉ;4;LIUFAU_Pas d’impact;Pas d’impact;0;0;0;0;2. 0, 2. 0, 3. 1, 3.2 1, 3.2.2 0, 3.2.2 0, 4. 14;LIUFAU;0;0;0;0;0;0;0;0;0;1;1;55;0;55;0;14;55;55;55;55;55;55;55;55;55;55;55;55;55;55;55;55;55;55
31;U21_T6N_Angleterre-France_231321;6649.286633333333;LIUFAU CODÉ;5;LIUFAU_Pas d’impact;Pas d’impact;0;0;0;0;2. 0, 2. 0, 3. 1, 3.2 1, 3.2.2 1, 3.2.2.2 1, 3.2.2 0, 4. 10, 4.2 24, 4.3 0, 4.4 26, 4.5 25, 4.6 28, 4.7 1 , 4.8 1 , 4.9 1, 4.9.2  43, 4.9.2 43, 4.9.3 46, 4.21 47, 4.23.2 50;LIUFAU;0;0;0;0;0;0;0;0;0;1;1;55;1;1;0;10;55;24;0;26;25;28;1;1;1;43;43;46;47;50;55;55;55;55
32;U21_T6N_Angleterre-France_231321;2549.128188888889;NOUCHI CODÉ;2;NOUCHI_Pas d’impact;Pas d’impact;0;0;0;0;2. 0, 2. 0, 3. 1, 3.2 1, 3.2.2 0, 3.2.2 0, 4. 10, 4.2 24, 4.3 0, 4.4 25, 4.5 25, 4.6 29, 4.7 33, 4.8 38, 4.9 0, 4.21 47, 4.23.2 50;NOUCHI;0;0;0;0;0;0;0;0;0;1;1;55;0;55;0;10;55;24;0;25;25;29;33;38;0;55;55;55;47;50;55;55;55;55
32;U21_T6N_Angleterre-France_231321;2927.1972444444444;NOUCHI CODÉ;2;NOUCHI_Pas d’impact;Pas d’impact;0;0;0;0;2. 0, 2. 0, 3. 1, 3.2 1, 3.2.2 1, 3.2.2.2 1, 3.2.2 1, 4. 10, 4.2 24, 4.3 0, 4.4 25, 4.5 25, 4.6 28, 4.7 33, 4.8 1 , 4.9 1, 4.9.2  43, 4.9.2 43, 4.9.3 46, 4.21 47, 4.23.2 50;NOUCHI;0;0;0;0;0;0;0;0;0;1;1;55;1;1;1;10;55;24;0;25;25;28;33;1;1;43;43;46;47;50;55;55;55;55
33;U21_T6N_Angleterre-France_231321;2769.33;NOUCHI CODÉ;3;NOUCHI_631;631;928;6.6;23.2;1.8;2. 0, 2. 0, 3. 1, 3.2 1, 3.2.2 1, 3.2.2.2 2, 3.2.2 1, 4. 10, 4.2 1, 4.3 0, 4.4 25, 4.5 25, 4.6 28, 4.7 33, 4.8 38, 4.9 1, 4.9.2  43, 4.9.2 43, 4.9.3 45, 4.21 49, 4.23.2 53, 4.23.3 1, 4.23.4 0, 4.23.5 41;NOUCHI;2.7;1;1;1;1;1;1;0;0;1;1;55;1;2;1;10;55;1;0;25;25;28;33;38;1;43;43;45;49;55;53;1;0;41
34;U21_T6N_Angleterre-France_231321;2869.328;NOUCHI CODÉ;4;NOUCHI_636;636;2139;9.8;25.2;2;2. 0, 2. 0, 3. 1, 3.2 0, 3.2 21, 4. 6, 4.2 16;NOUCHI;21.3;1;1;1;1;1;1;0;0;1;0;21;55;55;55;6;16;55;55;55;55;55;55;55;55;55;55;55;55;55;55;55;55;55
35;U21_T6N_Angleterre-France_231321;2885.229;NOUCHI CODÉ;5;NOUCHI_639;639;2277;8.2;52.2;2.2;2. 0, 2. 0, 3. 1, 3.2 0, 3.2 21, 4. 6, 4.2 16;NOUCHI;3.7;2;1;1;1;2;2;0;0;1;0;21;55;55;55;6;16;55;55;55;55;55;55;55;55;55;55;55;55;55;55;55;55;55
36;U21_T6N_Angleterre-France_231321;4571.9322222222225;NOUCHI CODÉ;6;NOUCHI_Pas d’impact;Pas d’impact;0;0;0;0;2. 0, 2. 0, 3. 1, 3.2 1, 3.2.2 1, 3.2.2.2 3, 3.2.2 0, 4. 10, 4.2 0, 4.3 0, 4.4 26, 4.5 25, 4.6 29, 4.7 33, 4.8 38, 4.9 1, 4.9.2 42, 4.9.2 42, 4.9.3 46, 4.21 49, 4.23.2 53, 4.23.3 1, 4.23.4 0, 4.23.5 41;NOUCHI;0;0;0;0;0;0;0;0;0;1;1;55;1;3;0;10;55;0;0;26;25;29;33;38;1;42;42;46;49;55;53;1;0;41
37;U21_T6N_Angleterre-France_231321;4644.224;NOUCHI CODÉ;7;NOUCHI_644;644;2215;6.2;9.8;1.6;2. 0, 2. 0, 3. 1, 3.2 1, 3.2.2 1, 3.2.2.2 2, 3.2.2 0, 4. 10, 4.2 0, 4.3 0, 4.4 25, 4.5 25, 4.6 28, 4.7 33, 4.8 38, 4.9 0, 4.21 47, 4.23.2 50;NOUCHI;2.2;1;1;1;1;1;1;0;0;1;1;55;1;2;0;10;55;0;0;25;25;28;33;38;0;55;55;55;47;50;55;55;55;55
38;U21_T6N_Angleterre-France_231321;4759.729;NOUCHI CODÉ;8;NOUCHI_646;646;2556;5.3;26.2;2;2. 0, 2. 0, 3. 1, 3.2 0, 3.2 21, 4. 12;NOUCHI;2.6;1;1;1;1;1;1;0;0;1;0;21;55;55;55;12;55;55;55;55;55;55;55;55;55;55;55;55;55;55;55;55;55;55
39;U21_T6N_Angleterre-France_231321;4884.523922222223;NOUCHI CODÉ;9;NOUCHI_Pas d’impact;Pas d’impact;0;0;0;0;2. 0, 2. 0, 3. 1, 3.2 0, 3.2 21, 4. 12;NOUCHI;0;0;0;0;0;0;0;0;0;1;0;21;55;55;55;12;55;55;55;55;55;55;55;55;55;55;55;55;55;55;55;55;55;55
41;U21_T6N_Angleterre-France_231321;6112.975;NOUCHI CODÉ;21;NOUCHI_659;659;2843;6.5;31;2.6;2. 0, 2. 0, 3. 1, 3.2 1, 3.2.2 1, 3.2.2.2 3, 3.2.2 1, 4. 10, 4.2 1, 4.3 0, 4.4 25, 4.5 25, 4.6 28, 4.7 33, 4.8 38, 4.9 1, 4.9.2  43, 4.9.2 42, 4.9.3 46, 4.21 49, 4.23.2 51, 4.23.3 1, 4.23.4 0, 4.23.5 1;NOUCHI;26;1;1;2;1;2;2;0;0;1;1;55;1;3;1;10;55;1;0;25;25;28;33;38;1;43;42;46;49;55;51;1;0;1
42;U21_T6N_Angleterre-France_231321;868.992;PENVERNE CODÉ;2;PENVERNE_98;98;956;6.2;21.7;2.7;2. 0, 2. 0, 3. 1, 3.2 1, 3.2.2 1, 3.2.2.2 1, 3.2.2 1, 4. 12;PENVERNE;7.2;1;1;1;1;1;1;0;0;1;1;55;1;1;1;12;55;55;55;55;55;55;55;55;55;55;55;55;55;55;55;55;55;55
42;U21_T6N_Angleterre-France_231321;914.23;PENVERNE CODÉ;2;PENVERNE_99;99;2938;29.6;45.5;3.7;2. 0, 2. 0, 3. 1, 3.2 1, 3.2.2 1, 3.2.2.2 4, 3.2.2 0, 4. 10, 4.2 24, 4.3 0, 4.4 26, 4.5 25, 4.6 28, 4.7 33, 4.8 39, 4.9 1, 4.9.2  43, 4.9.2 43, 4.9.3 46, 4.21 49, 4.23.2 53, 4.23.3 1, 4.23.4 1, 4.23.5 1;PENVERNE;35.5;2;1;2;1;2;2;0;0;1;1;55;1;4;0;10;55;24;0;26;25;28;33;39;1;43;43;46;49;55;53;1;1;1
43;U21_T6N_Angleterre-France_231321;2473.864;PENVERNE CODÉ;3;PENVERNE_213;213;2365;5.8;22.5;1.5;2. 0, 2. 0, 3. 1, 3.2 0, 3.2 21, 4. 6, 4.2 15;PENVERNE;2;1;1;1;1;1;1;0;0;1;0;21;55;55;55;6;15;55;55;55;55;55;55;55;55;55;55;55;55;55;55;55;55;55
44;U21_T6N_Angleterre-France_231321;2934.2796777777777;PENVERNE CODÉ;4;PENVERNE_Pas d’impact;Pas d’impact;0;0;0;0;2. 0, 2. 0, 3. 0, 3.2 22;PENVERNE;0;0;0;0;0;0;0;0;0;0;55;22;55;55;55;55;55;55;55;55;55;55;55;55;55;55;55;55;55;55;55;55;55;55
45;U21_T6N_Angleterre-France_231321;5552.327;PENVERNE CODÉ;5;PENVERNE_243;243;712;5.4;5.5;1.3;2. 0, 2. 0, 3. 0, 3.2 23;PENVERNE;1.6;1;1;1;1;1;1;0;0;0;55;23;55;55;55;55;55;55;55;55;55;55;55;55;55;55;55;55;55;55;55;55;55;55
46;U21_T6N_Angleterre-France_231321;741.228;DEPOORTERE CODÉ;2;DEPOORTERE_652;652;4558;29.2;56.9;3.4;2. 0, 2. 0, 3. 1, 3.2 1, 3.2.2 1, 3.2.2.2 2, 3.2.2 1, 4. 10, 4.2 24, 4.3 0, 4.4 26, 4.5 25, 4.6 28, 4.7 32, 4.8 36, 4.9 1, 4.9.2 42, 4.9.2 43, 4.9.3 45, 4.21 47, 4.23.2 50;DEPOORTERE;34.8;2;2;2;2;4;2;0;0;1;1;55;1;2;1;10;55;24;0;26;25;28;32;36;1;42;43;45;47;50;55;55;55;55
47;U21_T6N_Angleterre-France_231321;2121.233;DEPOORTERE CODÉ;2;DEPOORTERE_656;656;4299;21.9;25.8;2.2;2. 1, 2. 0, 3. 1, 3.2 1, 3.2.2 1, 3.2.2.2 1, 3.2.2 1, 4. 10, 4.2 0, 4.3 0, 4.4 26, 4.5 25, 4.6 28, 4.7 32, 4.8 37, 4.9 1, 4.9.2  43, 4.9.2 43, 4.9.3 45, 4.21 49, 4.23.2 51, 4.23.3 54, 4.23.4 1, 4.23.5 0;DEPOORTERE;7.4;1;2;1;1;2;2;1;0;1;1;55;1;1;1;10;55;0;0;26;25;28;32;37;1;43;43;45;49;55;51;54;1;0
48;U21_T6N_Angleterre-France_231321;2122.629;DEPOORTERE CODÉ;3;DEPOORTERE_661;661;929;22.9;5.2;1.5;2. 1, 2. 0, 3. 1, 3.2 0, 3.2 21, 4. 6, 4.2 15;DEPOORTERE;2.2;1;1;1;1;1;1;1;0;1;0;21;55;55;55;6;15;55;55;55;55;55;55;55;55;55;55;55;55;55;55;55;55;55
49;U21_T6N_Angleterre-France_231321;2784.132;DEPOORTERE CODÉ;4;DEPOORTERE_683;683;3541;22.3;42.4;2.2;2. 0, 2. 0, 3. 1, 3.2 0, 3.2 21, 4. 14;DEPOORTERE;24.8;1;2;1;1;2;2;0;0;1;0;21;55;55;55;14;55;55;55;55;55;55;55;55;55;55;55;55;55;55;55;55;55;55
51;U21_T6N_Angleterre-France_231321;6118.984;LACOMBRE CODÉ;2;LACOMBRE_288;288;435;2.9;21.9;1.6;2. 0, 2. 0, 3. 1, 3.2 1, 3.2.2 0, 3.2.2 0, 4. 6, 4.2 16;LACOMBRE;1.7;1;1;1;1;1;1;0;0;1;1;55;0;55;0;6;16;55;55;55;55;55;55;55;55;55;55;55;55;55;55;55;55;55
52;U21_T6N_Angleterre-France_231321;6121.78;LACOMBRE CODÉ;2;LACOMBRE_289;289;626;7.5;7.8;1.9;2. 0, 2. 0, 3. 1, 3.2 0, 3.2 21, 4. 6, 4.2 15;LACOMBRE;2.2;1;1;1;1;1;1;0;0;1;0;21;55;55;55;6;15;55;55;55;55;55;55;55;55;55;55;55;55;55;55;55;55;55
52;U21_T6N_France-Ecosse_231224 copie;6246.271522222222;CASTRO CODÉ;2;CASTRO_Pas d’impact;Pas d’impact;0;0;0;0;2. 1, 2. 0, 3. 1, 3.2 1, 3.2.2 0, 3.2.2 0, 4. 13;CASTRO;0;0;0;0;0;0;0;1;0;1;1;55;0;55;0;13;55;55;55;55;55;55;55;55;55;55;55;55;55;55;55;55;55;55
53;U21_T6N_France-Ecosse_231224 copie;6695.228;CASTRO CODÉ;2;CASTRO_278;278;6426;37.2;89;4.4;2. 0, 2. 0, 3. 1, 3.2 1, 3.2.2 1, 3.2.2.2 3, 3.2.2 0, 4. 10, 4.2 1, 4.3 0, 4.4 25, 4.5 26, 4.6 28, 4.7 33, 4.8 38, 4.9 1, 4.9.2  43, 4.9.2 42, 4.9.3 45, 4.21 49, 4.23.2 51, 4.23.3 1, 4.23.4 0, 4.23.5 0;CASTRO;58;2;2;2;2;4;2;0;0;1;1;55;1;3;0;10;55;1;0;25;26;28;33;38;1;43;42;45;49;55;51;1;0;0
54;U21_T6N_France-Ecosse_231224 copie;6271.422;DESPERES CODÉ;2;DESPERES_55;55;466;22.2;28.3;2.2;2. 0, 2. 0, 3. 1, 3.2 1, 3.2.2 0, 3.2.2 0, 4. 10, 4.2 1, 4.3 0, 4.4 27, 4.5 25, 4.6 30, 4.7 1 , 4.8 38, 4.9 1, 4.9.2  43, 4.9.2 42, 4.9.3 46, 4.21 47, 4.23.2 1;DESPERES;24.7;1;1;1;2;2;2;0;0;1;1;55;0;55;0;10;55;1;0;27;25;30;1;38;1;43;42;46;47;1;55;55;55;55
55;U21_T6N_France-Ecosse_231224 copie;6521.827;DESPERES CODÉ;2;DESPERES_62;62;319;22.7;7.9;1.9;2. 0, 2. 0, 3. 1, 3.2 1, 3.2.2 0, 3.2.2 0, 4. 10, 4.2 1, 4.3 0, 4.4 27, 4.5 27, 4.6 30, 4.7 31, 4.8 38, 4.9 1, 4.9.2 42, 4.9.2 42, 4.9.3 46, 4.21 47, 4.23.2 1;DESPERES;3.4;1;1;1;1;1;1;0;0;1;1;55;0;55;0;10;55;1;0;27;27;30;31;38;1;42;42;46;47;1;55;55;55;55
56;U21_T6N_France-Ecosse_231224 copie;6522.582;DESPERES CODÉ;3;DESPERES_64;64;3441;21;46.5;2.7;2. 0, 2. 0, 3. 1, 3.2 1, 3.2.2 1, 3.2.2.2 5, 3.2.2 0, 4. 6, 4.2 15;DESPERES;7.5;2;1;1;1;2;2;0;0;1;1;55;1;5;0;6;15;55;55;55;55;55;55;55;55;55;55;55;55;55;55;55;55;55
57;U21_T6N_France-Ecosse_231224 copie;6873.628488888889;DESPERES CODÉ;4;DESPERES_Pas d’impact;Pas d’impact;0;0;0;0;2. 0, 2. 0, 3. 0, 3.2 20;DESPERES;0;0;0;0;0;0;0;0;0;0;55;20;55;55;55;55;55;55;55;55;55;55;55;55;55;55;55;55;55;55;55;55;55;55
58;U21_T6N_France-Ecosse_231224 copie;893.322;GAZZOTTI CODÉ;2;GAZZOTTI_272;272;2795;23.2;32.8;2.6;2. 1, 2. 0, 3. 1, 3.2 1, 3.2.2 1, 3.2.2.2 2, 3.2.2 1, 4. 10, 4.2 24, 4.3 0, 4.4 25, 4.5 25, 4.6 28, 4.7 33, 4.8 37, 4.9 1, 4.9.2  43, 4.9.2 43, 4.9.3 45, 4.21 49, 4.23.2 53, 4.23.3 54, 4.23.4 1, 4.23.5 1;GAZZOTTI;21.6;1;1;2;2;2;2;1;0;1;1;55;1;2;1;10;55;24;0;25;25;28;33;37;1;43;43;45;49;55;53;54;1;1
59;U21_T6N_France-Ecosse_231224 copie;2894.326;GAZZOTTI CODÉ;2;GAZZOTTI_284;284;2138;6.4;32.2;2.8;2. 1, 2. 0, 3. 1, 3.2 1, 3.2.2 1, 3.2.2.2 1, 3.2.2 0, 4. 10, 4.2 24, 4.3 0, 4.4 26, 4.5 25, 4.6 28, 4.7 33, 4.8 37, 4.9 0, 4.21 47, 4.23.2 1;GAZZOTTI;8.7;1;1;1;1;1;1;1;0;1;1;55;1;1;0;10;55;24;0;26;25;28;33;37;0;55;55;55;47;1;55;55;55;55
61;U21_T6N_France-Ecosse_231224 copie;2145.226;GAZZOTTI CODÉ;3;GAZZOTTI_289;289;952;4.8;24.7;2.2;2. 1, 2. 0, 3. 1, 3.2 0, 3.2 21, 4. 10, 4.2 0, 4.3 0, 4.4 26, 4.5 26, 4.6 30, 4.21 49, 4.23.2 53, 4.23.3 54, 4.23.4 0, 4.23.5 41;GAZZOTTI;3.5;1;1;1;1;1;1;1;0;1;0;21;55;55;55;10;55;0;0;26;26;30;55;55;55;55;55;55;49;55;53;54;0;41
62;U21_T6N_France-Ecosse_231224 copie;2772.925;GAZZOTTI CODÉ;4;GAZZOTTI_215;215;2336;27.3;27.9;2.5;2. 1, 2. 0, 3. 1, 3.2 1, 3.2.2 1, 3.2.2.2 1, 3.2.2 0, 4. 10, 4.2 24, 4.3 0, 4.4 25, 4.5 26, 4.6 30, 4.7 32, 4.8 1 , 4.9 1, 4.9.2  43, 4.9.2 44, 4.9.3 45, 4.21 47, 4.23.2 50;GAZZOTTI;9.2;1;1;1;1;1;1;1;0;1;1;55;1;1;0;10;55;24;0;25;26;30;32;1;1;43;44;45;47;50;55;55;55;55
62;U21_T6N_France-Ecosse_231224 copie;4373.564;GAZZOTTI CODÉ;5;GAZZOTTI_229;229;371;2.2;22.6;1.5;2. 0, 2. 0, 3. 1, 3.2 0, 3.2 21, 4. 12;GAZZOTTI;1.6;1;1;1;1;1;1;0;0;1;0;21;55;55;55;12;55;55;55;55;55;55;55;55;55;55;55;55;55;55;55;55;55;55
63;U21_T6N_France-Ecosse_231224 copie;5288.329;GAZZOTTI CODÉ;6;GAZZOTTI_226;226;279;3.6;7.4;1.4;2. 1, 2. 0, 3. 1, 3.2 1, 3.2.2 0, 3.2.2 0, 4. 12;GAZZOTTI;2.4;1;1;1;1;1;1;1;0;1;1;55;0;55;0;12;55;55;55;55;55;55;55;55;55;55;55;55;55;55;55;55;55;55
64;U21_T6N_France-Ecosse_231224 copie;5824.924;GAZZOTTI CODÉ;7;GAZZOTTI_242;242;2662;8.8;39.3;2.2;2. 1, 2. 0, 3. 1, 3.2 1, 3.2.2 1, 3.2.2.2 5, 3.2.2 0, 4. 10, 4.2 24, 4.3 1, 4.4 25, 4.5 25, 4.6 30, 4.7 32, 4.8 1 , 4.9 0, 4.21 47, 4.23.2 50;GAZZOTTI;4.2;1;1;1;1;1;1;1;0;1;1;55;1;5;0;10;55;24;1;25;25;30;32;1;0;55;55;55;47;50;55;55;55;55
65;U21_T6N_France-Ecosse_231224 copie;5842.944;GAZZOTTI CODÉ;8;GAZZOTTI_246;246;3968;21.9;53.8;2.6;2. 1, 2. 0, 3. 1, 3.2 0, 3.2 21, 4. 10, 4.2 24, 4.3 1, 4.4 25, 4.5 25, 4.6 28, 4.9 1, 4.9.2  43, 4.9.2 43, 4.9.3 45, 4.21 49, 4.23.2 53, 4.23.3 54, 4.23.4 0, 4.23.5 0;GAZZOTTI;26.2;2;2;2;1;3;2;1;0;1;0;21;55;55;55;10;55;24;1;25;25;28;55;55;1;43;43;45;49;55;53;54;0;0
66;U21_T6N_France-Ecosse_231224 copie;6193.623;GAZZOTTI CODÉ;9;GAZZOTTI_248;248;2213;6.5;51.4;2;2. 0, 2. 0, 3. 1, 3.2 0, 3.2 21, 4. 12;GAZZOTTI;2.8;2;1;1;1;2;2;0;0;1;0;21;55;55;55;12;55;55;55;55;55;55;55;55;55;55;55;55;55;55;55;55;55;55
67;U21_T6N_France-Ecosse_231224 copie;6453.566144444445;GAZZOTTI CODÉ;21;GAZZOTTI_Pas d’impact;Pas d’impact;0;0;0;0;2. 0, 2. 0, 3. 1, 3.2 1, 3.2.2 1, 3.2.2.2 1, 3.2.2 0, 4. 12;GAZZOTTI;0;0;0;0;0;0;0;0;0;1;1;55;1;1;0;12;55;55;55;55;55;55;55;55;55;55;55;55;55;55;55;55;55;55
68;U21_T6N_France-Ecosse_231224 copie;6828.928;GAZZOTTI CODÉ;22;GAZZOTTI_259;259;2124;4.5;26.8;1.6;2. 1, 2. 0, 3. 1, 3.2 1, 3.2.2 1, 3.2.2.2 2, 3.2.2 0, 4. 12;GAZZOTTI;2.2;1;1;1;1;1;1;1;0;1;1;55;1;2;0;12;55;55;55;55;55;55;55;55;55;55;55;55;55;55;55;55;55;55
69;U21_T6N_France-Ecosse_231224 copie;7272.514;GAZZOTTI CODÉ;22;GAZZOTTI_263;263;2658;6.2;22.8;1.4;2. 0, 2. 0, 3. 1, 3.2 0, 3.2 21, 4. 10, 4.2 0, 4.3 0, 4.4 25, 4.5 25, 4.6 29, 4.7 33, 4.8 38, 4.9 0, 4.21 49, 4.23.2 51, 4.23.3 0, 4.23.4 0, 4.23.5 41;GAZZOTTI;1.7;1;1;1;1;1;1;0;0;1;0;21;55;55;55;10;55;0;0;25;25;29;33;38;0;55;55;55;49;55;51;0;0;41
71;U21_T6N_France-Ecosse_231224 copie;2396.928;NOUCHI CODÉ;2;NOUCHI_525;525;579;4.8;24.2;2.5;2. 0, 2. 0, 3. 1, 3.2 0, 3.2 21, 4. 6, 4.2 18;NOUCHI;5.7;1;1;1;1;1;1;0;0;1;0;21;55;55;55;6;18;55;55;55;55;55;55;55;55;55;55;55;55;55;55;55;55;55
72;U21_T6N_France-Ecosse_231224 copie;2242.622;NOUCHI CODÉ;2;NOUCHI_522;522;2713;4.6;29.5;2.3;2. 0, 2. 0, 3. 1, 3.2 1, 3.2.2 1, 3.2.2.2 2, 3.2.2 1, 4. 10, 4.2 1, 4.3 0, 4.4 25, 4.5 25, 4.6 29, 4.7 33, 4.8 1 , 4.9 1, 4.9.2  43, 4.9.2 43, 4.9.3 45, 4.21 49, 4.23.2 53, 4.23.3 54, 4.23.4 0, 4.23.5 0;NOUCHI;4.2;1;1;1;1;1;1;0;0;1;1;55;1;2;1;10;55;1;0;25;25;29;33;1;1;43;43;45;49;55;53;54;0;0
72;U21_T6N_France-Ecosse_231224 copie;2242.723;NOUCHI CODÉ;3;NOUCHI_523;523;2393;6.2;46;2.2;2. 0, 2. 0, 3. 1, 3.2 1, 3.2.2 1, 3.2.2.2 2, 3.2.2 1, 4. 10, 4.2 0, 4.3 0, 4.4 25, 4.5 25, 4.6 29, 4.7 33, 4.8 1 , 4.9 0, 4.21 49, 4.23.2 53, 4.23.3 54, 4.23.4 0, 4.23.5 0;NOUCHI;21.3;2;1;1;1;2;2;0;0;1;1;55;1;2;1;10;55;0;0;25;25;29;33;1;0;55;55;55;49;55;53;54;0;0
73;U21_T6N_France-Ecosse_231224 copie;2675.288888888889;NOUCHI CODÉ;4;NOUCHI_Pas d’impact;Pas d’impact;0;0;0;0;2. 0, 2. 0, 3. 1, 3.2 1, 3.2.2 1, 3.2.2.2 1, 3.2.2 0, 4. 10, 4.2 24, 4.3 0, 4.4 26, 4.5 25, 4.6 28, 4.7 32, 4.8 1 , 4.9 0, 4.21 49, 4.23.2 53, 4.23.3 1, 4.23.4 0, 4.23.5 1;NOUCHI;0;0;0;0;0;0;0;0;0;1;1;55;1;1;0;10;55;24;0;26;25;28;32;1;0;55;55;55;49;55;53;1;0;1
74;U21_T6N_France-Ecosse_231224 copie;3226.7641444444446;NOUCHI CODÉ;5;NOUCHI_Pas d’impact;Pas d’impact;0;0;0;0;2. 0, 2. 0, 3. 1, 3.2 0, 3.2 21, 4. 12;NOUCHI;0;0;0;0;0;0;0;0;0;1;0;21;55;55;55;12;55;55;55;55;55;55;55;55;55;55;55;55;55;55;55;55;55;55
75;U21_T6N_France-Ecosse_231224 copie;2212.224;PENVERNE CODÉ;2;PENVERNE_27;27;546;5.6;9.2;1.5;2. 0, 2. 0, 3. 1, 3.2 1, 3.2.2 0, 3.2.2 0, 4. 10, 4.2 0, 4.3 0, 4.4 26, 4.5 25, 4.6 28, 4.7 33, 4.8 1 , 4.9 1, 4.9.2  43, 4.9.2 42, 4.9.3 45, 4.21 47, 4.23.2 50;PENVERNE;2.3;1;1;1;1;1;1;0;0;1;1;55;0;55;0;10;55;0;0;26;25;28;33;1;1;43;42;45;47;50;55;55;55;55
76;U21_T6N_France-Ecosse_231224 copie;2669.322;PENVERNE CODÉ;2;PENVERNE_35;35;931;6.2;8.5;1.8;2. 0, 2. 0, 3. 1, 3.2 1, 3.2.2 1, 3.2.2.2 3, 3.2.2 0, 4. 10, 4.2 1, 4.3 0, 4.4 25, 4.5 25, 4.6 29, 4.7 33, 4.8 38, 4.9 1, 4.9.2  43, 4.9.2 42, 4.9.3 46, 4.21 49, 4.23.2 51, 4.23.3 1, 4.23.4 1, 4.23.5 41;PENVERNE;2.7;1;1;1;1;1;1;0;0;1;1;55;1;3;0;10;55;1;0;25;25;29;33;38;1;43;42;46;49;55;51;1;1;41
77;U21_T6N_France-Ecosse_231224 copie;2967.428;PENVERNE CODÉ;3;PENVERNE_39;39;992;22.8;27;2.8;2. 0, 2. 0, 3. 1, 3.2 0, 3.2 21, 4. 10, 4.2 0, 4.3 0, 4.4 26, 4.5 25, 4.6 28, 4.7 32, 4.8 1 , 4.9 0, 4.21 49, 4.23.2 52, 4.23.3 54, 4.23.4 0, 4.23.5 41;PENVERNE;9.2;1;1;1;1;1;1;0;0;1;0;21;55;55;55;10;55;0;0;26;25;28;32;1;0;55;55;55;49;55;52;54;0;41
78;U21_T6N_France-Ecosse_231224 copie;2354.3239222222223;PENVERNE CODÉ;4;PENVERNE_Pas d’impact;Pas d’impact;0;0;0;0;2. 0, 2. 0, 3. 1, 3.2 0, 3.2 21, 4. 6, 4.2 18;PENVERNE;0;0;0;0;0;0;0;0;0;1;0;21;55;55;55;6;18;55;55;55;55;55;55;55;55;55;55;55;55;55;55;55;55;55
79;U21_T6N_France-Ecosse_231224 copie;2382.186;PENVERNE CODÉ;5;PENVERNE_44;44;2137;5.3;22;1.6;2. 0, 2. 0, 3. 1, 3.2 1, 3.2.2 1, 3.2.2.2 2, 3.2.2 0, 4. 6, 4.2 18;PENVERNE;2.3;1;1;1;1;1;1;0;0;1;1;55;1;2;0;6;18;55;55;55;55;55;55;55;55;55;55;55;55;55;55;55;55;55
81;U21_T6N_France-Ecosse_231224 copie;2949.6873222222223;REUS CODÉ;2;REUS_Pas d’impact;Pas d’impact;0;0;0;0;2. 0, 2. 0, 3. 1, 3.2 1, 3.2.2 1, 3.2.2.2 4, 3.2.2 0, 4. 10, 4.2 0, 4.3 0, 4.4 25, 4.5 25, 4.6 29, 4.7 33, 4.8 39, 4.9 1, 4.9.2  43, 4.9.2 43, 4.9.3 45, 4.21 49, 4.23.2 53, 4.23.3 1, 4.23.4 1, 4.23.5 41;REUS;0;0;0;0;0;0;0;0;0;1;1;55;1;4;0;10;55;0;0;25;25;29;33;39;1;43;43;45;49;55;53;1;1;41
82;U21_T6N_France-Ecosse_231224 copie;3286.376;REUS CODÉ;2;REUS_226;226;3797;25.9;42.5;2.9;2. 0, 2. 0, 3. 1, 3.2 1, 3.2.2 1, 3.2.2.2 3, 3.2.2 0, 4. 10, 4.2 0, 4.3 0, 4.4 26, 4.5 25, 4.6 28, 4.7 33, 4.8 38, 4.9 1, 4.9.2  43, 4.9.2 42, 4.9.3 45, 4.21 49, 4.23.2 53, 4.23.3 1, 4.23.4 1, 4.23.5 41;REUS;26;1;2;2;2;3;2;0;0;1;1;55;1;3;0;10;55;0;0;26;25;28;33;38;1;43;42;45;49;55;53;1;1;41
82;U21_T6N_France-Ecosse_231224 copie;4324.524;REUS CODÉ;3;REUS_Pas d’impact;Pas d’impact;0;0;0;0;2. 0, 2. 0, 3. 1, 3.2 1, 3.2.2 0, 3.2.2 0, 4. 10, 4.2 1, 4.3 0, 4.4 27, 4.5 27, 4.6 30, 4.7 32, 4.8 1 , 4.9 0, 4.21 47, 4.23.2 0;REUS;0;0;0;0;0;0;0;0;0;1;1;55;0;55;0;10;55;1;0;27;27;30;32;1;0;55;55;55;47;0;55;55;55;55
83;U21_T6N_France-Ecosse_231224 copie;843.582;TR1LLOUD CODÉ;2;TR1LLOUD_223;223;247;2.2;7.9;1.5;2. 0, 2. 0, 3. 0, 3.2 20;TR1LLOUD;1.7;1;1;1;1;1;1;0;0;0;55;20;55;55;55;55;55;55;55;55;55;55;55;55;55;55;55;55;55;55;55;55;55;55
84;U21_T6N_France-Ecosse_231224 copie;2742.325;TR1LLOUD CODÉ;2;TR1LLOUD_223;223;2553;23.3;26.3;2.2;2. 1, 2. 0, 3. 1, 3.2 0, 3.2 21, 4. 10, 4.2 0, 4.3 0, 4.4 27, 4.5 27, 4.6 30, 4.7 32, 4.8 38, 4.9 1, 4.9.2 42, 4.9.2 42, 4.9.3 45, 4.21 49, 4.23.2 51, 4.23.3 54, 4.23.4 0, 4.23.5 1;TR1LLOUD;5.5;1;1;1;1;1;1;1;0;1;0;21;55;55;55;10;55;0;0;27;27;30;32;38;1;42;42;45;49;55;51;54;0;1
85;U21_T6N_France-Ecosse_231224 copie;2794.2626222222223;TR1LLOUD CODÉ;3;TR1LLOUD_Pas d’impact;Pas d’impact;0;0;0;0;2. 0, 2. 0, 3. 1, 3.2 1, 3.2.2 1, 3.2.2.2 2, 3.2.2 0, 4. 10, 4.2 0, 4.3 0, 4.4 26, 4.5 25, 4.6 29, 4.7 32, 4.8 38, 4.9 1, 4.9.2 42, 4.9.2 42, 4.9.3 46, 4.21 49, 4.23.2 53, 4.23.3 54, 4.23.4 0, 4.23.5 1;TR1LLOUD;0;0;0;0;0;0;0;0;0;1;1;55;1;2;0;10;55;0;0;26;25;29;32;38;1;42;42;46;49;55;53;54;0;1
86;U21_T6N_France-Ecosse_231224 copie;4962.322;TR1LLOUD CODÉ;4;TR1LLOUD_248;248;596;26.8;8.2;1.9;2. 0, 2. 0, 3. 1, 3.2 1, 3.2.2 0, 3.2.2 0, 4. 10, 4.2 1, 4.3 0, 4.4 27, 4.5 26, 4.6 29, 4.7 33, 4.8 1 , 4.9 1, 4.9.2 42, 4.9.2 42, 4.9.3 46, 4.21 47, 4.23.2 0;TR1LLOUD;4.7;1;1;1;1;1;1;0;0;1;1;55;0;55;0;10;55;1;0;27;26;29;33;1;1;42;42;46;47;0;55;55;55;55
87;U21_T6N_France-Ecosse_231224 copie;5842.22;LACOMBRE CODÉ;2;LACOMBRE_245;245;2587;4.6;22.8;2.7;2. 1, 2. 0, 3. 1, 3.2.2 1, 3.2.2.2 1, 3.2.2 0, 4. 10, 4.2 24, 4.3 1, 4.4 25, 4.5 25, 4.6 28, 4.7 32, 4.8 37, 4.9 1, 4.9.2  43, 4.9.2 43, 4.9.3 45, 4.21 49, 4.23.2 53, 4.23.3 1, 4.23.4 0, 4.23.5 1;LACOMBRE;6.6;1;1;1;1;1;1;1;0;1;55;55;1;1;0;10;55;24;1;25;25;28;32;37;1;43;43;45;49;55;53;1;0;1
88;U21_T6N_Irlande-France_231221;2257.378;BENMEGAL CODÉ;2;BENMEGAL_258;258;515;5.5;5.2;1.5;2. 0, 2. 0, 3. 1, 3.2 0, 3.2 21, 4. 10, 4.2 1, 4.3 0, 4.4 25, 4.5 25, 4.6 29, 4.21 47, 4.23.2 50;BENMEGAL;1.8;1;1;1;1;1;1;0;0;1;0;21;55;55;55;10;55;1;0;25;25;29;55;55;55;55;55;55;47;50;55;55;55;55
89;U21_T6N_Irlande-France_231221;2684.8919666666666;BENMEGAL CODÉ;2;BENMEGAL_Pas d’impact;Pas d’impact;0;0;0;0;2. 0, 2. 0, 3. 1, 3.2 0, 3.2 21, 4. 10, 4.2 0, 4.3 0, 4.4 25, 4.5 25, 4.6 30, 4.7 31, 4.8 38, 4.9 1, 4.9.2 42, 4.9.2 42, 4.9.3 46, 4.21 49, 4.23.2 52, 4.23.3 54, 4.23.4 41, 4.23.5 41;BENMEGAL;0;0;0;0;0;0;0;0;0;1;0;21;55;55;55;10;55;0;0;25;25;30;31;38;1;42;42;46;49;55;52;54;41;41
91;U21_T6N_Irlande-France_231221;2648.14;BENMEGAL CODÉ;3;BENMEGAL_266;266;555;22.9;22.2;2.4;2. 0, 2. 0, 3. 1, 3.2 0, 3.2 21, 4. 10, 4.2 1, 4.3 0, 4.4 27, 4.5 27, 4.6 30, 4.7 32, 4.8 38, 4.9 0, 4.21 47, 4.23.2 1;BENMEGAL;9.2;1;1;1;1;1;1;0;0;1;0;21;55;55;55;10;55;1;0;27;27;30;32;38;0;55;55;55;47;1;55;55;55;55
92;U21_T6N_Irlande-France_231221;2114.8762222222222;GAZZOTTI CODÉ;2;GAZZOTTI_Pas d’impact;Pas d’impact;0;0;0;0;2. 0, 2. 0, 3. 1, 3.2 1, 3.2.2 1, 3.2.2.2 1, 3.2.2 0, 4. 6, 4.2 16;GAZZOTTI;0;0;0;0;0;0;0;0;0;1;1;55;1;1;0;6;16;55;55;55;55;55;55;55;55;55;55;55;55;55;55;55;55;55
92;U21_T6N_Irlande-France_231221;2848.237;GAZZOTTI CODÉ;2;GAZZOTTI_216;216;749;4.8;7.3;1.3;2. 0, 2. 0, 3. 1, 3.2 0, 3.2 21, 4. 7;GAZZOTTI;1.4;1;1;1;1;1;1;0;0;1;0;21;55;55;55;7;55;55;55;55;55;55;55;55;55;55;55;55;55;55;55;55;55;55
93;U21_T6N_Irlande-France_231221;2289.534;MASSA CODÉ;2;MASSA_9;9;946;3.9;22.2;1.6;2. 1, 2. 0, 3. 1, 3.2 1, 3.2.2 1, 3.2.2.2 1, 3.2.2 1, 4. 6, 4.2 16;MASSA;1.9;1;1;1;1;1;1;1;0;1;1;55;1;1;1;6;16;55;55;55;55;55;55;55;55;55;55;55;55;55;55;55;55;55
94;U21_T6N_Irlande-France_231221;2271.226;NOUCHI A CODER;2;NOUCHI_425;425;662;3.2;23.2;2.2;2. 0, 2. 0, 3. 1, 3.2 1, 3.2.2 1, 3.2.2.2 0, 3.2.2 0, 4. 12;NOUCHI;3.2;1;1;1;1;1;1;0;0;1;1;55;1;0;0;12;55;55;55;55;55;55;55;55;55;55;55;55;55;55;55;55;55;55
95;U21_T6N_Irlande-France_231221;2272.55;NOUCHI A CODER;2;NOUCHI_426;426;2489;7.6;26.8;2;2. 1, 2. 0, 3. 1, 3.2 1, 3.2.2 1, 3.2.2.2 4, 3.2.2 0, 4. 10, 4.2 0, 4.3 0, 4.4 25, 4.5 26, 4.6 29, 4.7 33, 4.8 39, 4.9 1, 4.9.2  43, 4.9.2 43, 4.9.3 45, 4.21 49, 4.23.2 51, 4.23.3 1, 4.23.4 1, 4.23.5 41;NOUCHI;9.6;1;1;1;1;1;1;1;0;1;1;55;1;4;0;10;55;0;0;25;26;29;33;39;1;43;43;45;49;55;51;1;1;41
96;U21_T6N_France-Galles_231329;2223.3693888888888;GAZZOTTI CODÉ;2;GAZZOTTI_Pas d’impact;Pas d’impact;0;0;0;0;2. 1, 2. 0, 3. 1, 3.2 1, 3.2.2 0, 3.2.2 0, 4. 6, 4.2 18;GAZZOTTI;0;0;0;0;0;0;0;1;0;1;1;55;0;55;0;6;18;55;55;55;55;55;55;55;55;55;55;55;55;55;55;55;55;55
97;U21_T6N_France-Galles_231329;2426.6167777777778;GAZZOTTI CODÉ;2;GAZZOTTI_365;365;4123;25;43;2.6;2. 1, 2. 0, 3. 1, 3.2 1, 3.2.2 1, 3.2.2.2 1, 3.2.2 1, 4. 10, 4.2 1, 4.3 0, 4.4 26, 4.5 26, 4.6 28, 4.7 33, 4.8 1 , 4.9 1, 4.9.2  43, 4.9.2 43, 4.9.3 46, 4.21 47, 4.23.2 50;GAZZOTTI;27.9;1;2;2;1;2;2;1;0;1;1;55;1;1;1;10;55;1;0;26;26;28;33;1;1;43;43;46;47;50;55;55;55;55
98;U21_T6N_France-Galles_231329;2428.2133777777777;GAZZOTTI CODÉ;3;GAZZOTTI_366;366;582;6;7.3;1.7;2. 1, 2. 0, 3. 1, 3.2 1, 3.2.2 1, 3.2.2.2 1, 3.2.2 0, 4. 10, 4.2 1, 4.3 0, 4.4 25, 4.5 25, 4.6 29, 4.7 1 , 4.8 1 , 4.9 0, 4.21 47, 4.23.2 50;GAZZOTTI;2.5;1;1;1;1;1;1;1;0;1;1;55;1;1;0;10;55;1;0;25;25;29;1;1;0;55;55;55;47;50;55;55;55;55
99;U21_T6N_France-Galles_231329;2931.6172333333334;GAZZOTTI CODÉ;4;GAZZOTTI_378;378;3672;22.3;41.7;2.4;2. 1, 2. 0, 3. 1, 3.2 0, 3.2 21, 4. 12;GAZZOTTI;5.7;1;2;1;1;2;2;1;0;1;0;21;55;55;55;12;55;55;55;55;55;55;55;55;55;55;55;55;55;55;55;55;55;55
211;U21_T6N_France-Galles_231329;2945.4719666666668;GAZZOTTI CODÉ;5;GAZZOTTI_Pas d’impact;Pas d’impact;0;0;0;0;2. 1, 2. 0, 3. 1, 3.2 1, 3.2.2 0, 3.2.2 0, 4. 10, 4.2 1, 4.3 0, 4.4 25, 4.5 25, 4.6 28, 4.7 33, 4.8 1 , 4.9 1, 4.9.2  43, 4.9.2 43, 4.9.3 45, 4.21 48;GAZZOTTI;0;0;0;0;0;0;0;1;0;1;1;55;0;55;0;10;55;1;0;25;25;28;33;1;1;43;43;45;48;55;55;55;55;55
212;U21_T6N_France-Galles_231329;2667.5431555555554;GAZZOTTI CODÉ;6;GAZZOTTI_Pas d’impact;Pas d’impact;0;0;0;0;2. 0, 2. 0, 3. 1, 3.2 1, 3.2.2 0, 3.2.2 0, 4. 10, 4.2 1, 4.3 0, 4.4 27, 4.5 27, 4.6 30, 4.7 31, 4.8 38, 4.9 1, 4.9.2 42, 4.9.2 42, 4.9.3 45, 4.21 47, 4.23.2 1;GAZZOTTI;0;0;0;0;0;0;0;0;0;1;1;55;0;55;0;10;55;1;0;27;27;30;31;38;1;42;42;45;47;1;55;55;55;55
212;U21_T6N_France-Galles_231329;2967.6247444444446;GAZZOTTI CODÉ;7;GAZZOTTI_391;391;2391;9.7;31.9;2.9;2. 0, 2. 0, 3. 1, 3.2 1, 3.2.2 1, 3.2.2.2 2, 3.2.2 0, 4. 10, 4.2 1, 4.3 0, 4.4 26, 4.5 25, 4.6 29, 4.7 31, 4.8 37, 4.9 1, 4.9.2 42, 4.9.2 42, 4.9.3 46, 4.21 49, 4.23.2 53, 4.23.3 1, 4.23.4 0, 4.23.5 1;GAZZOTTI;29.5;1;1;2;1;2;2;0;0;1;1;55;1;2;0;10;55;1;0;26;25;29;31;37;1;42;42;46;49;55;53;1;0;1
213;U21_T6N_France-Galles_231329;4666.194655555556;GAZZOTTI CODÉ;8;GAZZOTTI_398;398;474;4;5;1.2;2. 1, 2. 0, 3. 1, 3.2 1, 3.2.2 1, 3.2.2.2 1, 3.2.2 0, 4. 6, 4.2 16;GAZZOTTI;1.3;1;1;1;1;1;1;1;0;1;1;55;1;1;0;6;16;55;55;55;55;55;55;55;55;55;55;55;55;55;55;55;55;55
214;U21_T6N_France-Galles_231329;2432.3224444444445;NOUCHI CODÉ;2;NOUCHI_Pas d’impact;Pas d’impact;0;0;0;0;2. 1, 2. 0, 3. 1, 3.2 1, 3.2.2 0, 3.2.2 0, 4. 10, 4.2 24, 4.3 0, 4.4 25, 4.5 25, 4.6 29, 4.7 1 , 4.8 38, 4.9 1, 4.9.2  43, 4.9.2 42, 4.9.3 45, 4.21 47, 4.23.2 50;NOUCHI;0;0;0;0;0;0;0;1;0;1;1;55;0;55;0;10;55;24;0;25;25;29;1;38;1;43;42;45;47;50;55;55;55;55
215;U21_T6N_France-Galles_231329;2922.568288888889;NOUCHI CODÉ;2;NOUCHI_688;688;3933;21.8;47.8;2.5;2. 1, 2. 0, 3. 1, 3.2 1, 3.2.2 1, 3.2.2.2 1, 3.2.2 0, 4. 12;NOUCHI;5.9;2;2;1;1;2;2;1;0;1;1;55;1;1;0;12;55;55;55;55;55;55;55;55;55;55;55;55;55;55;55;55;55;55
216;U21_T6N_France-Galles_231329;3186.9296;NOUCHI CODÉ;3;NOUCHI_Pas d’impact;Pas d’impact;0;0;0;0;2. 1, 2. 0, 3. 1, 3.2 1, 3.2.2 1, 3.2.2.2 2, 3.2.2 0, 4. 10, 4.2 0, 4.3 0, 4.4 26, 4.5 25, 4.6 29, 4.7 33, 4.8 38, 4.9 1, 4.9.2  43, 4.9.2 43, 4.9.3 46, 4.21 49, 4.23.2 53, 4.23.3 1, 4.23.4 41, 4.23.5 41;NOUCHI;0;0;0;0;0;0;0;1;0;1;1;55;1;2;0;10;55;0;0;26;25;29;33;38;1;43;43;46;49;55;53;1;41;41
217;U21_T6N_France-Galles_231329;4662.6225;NOUCHI CODÉ;4;NOUCHI_716;716;627;6.4;25.5;1.6;2. 1, 2. 0, 3. 1, 3.2 1, 3.2.2 1, 3.2.2.2 1, 3.2.2 0, 4. 10, 4.2 0, 4.3 0, 4.4 26, 4.5 26, 4.6 28, 4.7 33, 4.8 1 , 4.9 1, 4.9.2  43, 4.9.2 42, 4.9.3 46, 4.21 49, 4.23.2 51, 4.23.3 1, 4.23.4 0, 4.23.5 1;NOUCHI;2.2;1;1;1;1;1;1;1;0;1;1;55;1;1;0;10;55;0;0;26;26;28;33;1;1;43;42;46;49;55;51;1;0;1
218;U21_T6N_France-Galles_231329;5494.623444444444;NOUCHI CODÉ;5;NOUCHI_722;722;283;3.8;21.6;2.2;2. 0, 2. 0, 3. 1, 3.2 1, 3.2.2 0, 3.2.2 0, 4. 8;NOUCHI;3.2;1;1;1;1;1;1;0;0;1;1;55;0;55;0;8;55;55;55;55;55;55;55;55;55;55;55;55;55;55;55;55;55;55
219;U21_T6N_France-Galles_231329;6211.557422222222;NOUCHI CODÉ;6;NOUCHI_Pas d’impact;Pas d’impact;0;0;0;0;2. 1, 2. 0, 3. 1, 3.2 1, 3.2.2 1, 3.2.2.2 2, 3.2.2 0, 4. 6, 4.2 17;NOUCHI;0;0;0;0;0;0;0;1;0;1;1;55;1;2;0;6;17;55;55;55;55;55;55;55;55;55;55;55;55;55;55;55;55;55
221;U21_T6N_France-Galles_231329;2949.6666444444445;AFFANE CODÉ;2;AFFANE_Pas d’impact;Pas d’impact;0;0;0;0;2. 1, 2. 0, 3. 0, 3.2 20;AFFANE;0;0;0;0;0;0;0;1;0;0;55;20;55;55;55;55;55;55;55;55;55;55;55;55;55;55;55;55;55;55;55;55;55;55
222;U21_T6N_France-Galles_231329;2145.6179666666667;AFFANE CODÉ;2;AFFANE_61;61;2657;9.2;44.7;2.2;2. 1, 2. 0, 3. 1, 3.2 0, 3.2 21, 4. 12;AFFANE;3.4;2;1;1;1;2;2;1;0;1;0;21;55;55;55;12;55;55;55;55;55;55;55;55;55;55;55;55;55;55;55;55;55;55
222;U21_T6N_France-Galles_231329;2552.2241222222223;AFFANE CODÉ;3;AFFANE_65;65;219;2;8.2;1.8;2. 0, 2. 0, 3. 0, 3.2 20;AFFANE;2.6;1;1;1;1;1;1;0;0;0;55;20;55;55;55;55;55;55;55;55;55;55;55;55;55;55;55;55;55;55;55;55;55;55
223;U21_T6N_France-Galles_231329;2819.2263555555554;AFFANE CODÉ;4;AFFANE_Pas d’impact;Pas d’impact;0;0;0;0;2. 0, 2. 0, 3. 1, 3.2 1, 3.2.2 1, 3.2.2.2 1, 3.2.2 0, 4. 10, 4.2 24, 4.3 0, 4.4 25, 4.5 25, 4.6 28, 4.7 33, 4.8 1 , 4.9 1, 4.9.2  43, 4.9.2 43, 4.9.3 45, 4.21 49, 4.23.2 53, 4.23.3 1, 4.23.4 0, 4.23.5 0;AFFANE;0;0;0;0;0;0;0;0;0;1;1;55;1;1;0;10;55;24;0;25;25;28;33;1;1;43;43;45;49;55;53;1;0;0
224;U21_T6N_France-Galles_231329;2965.221833333333;AFFANE CODÉ;5;AFFANE_67;67;335;7.4;9.6;2;2. 0, 2. 0, 3. 1, 3.2 1, 3.2.2 1, 3.2.2.2 2, 3.2.2 0, 4. 10, 4.2 0, 4.3 0, 4.4 25, 4.5 25, 4.6 28, 4.7 33, 4.8 1 , 4.9 1, 4.9.2  43, 4.9.2 43, 4.9.3 45, 4.21 49, 4.23.2 51, 4.23.3 1, 4.23.4 0, 4.23.5 1;AFFANE;3;1;1;1;1;1;1;0;0;1;1;55;1;2;0;10;55;0;0;25;25;28;33;1;1;43;43;45;49;55;51;1;0;1
225;U21_T6N_France-Galles_231329;2927.6213222222223;LACOMBRE CODÉ;2;LACOMBRE_241;241;671;4.3;22.7;1.6;2. 1, 2. 0, 3. 1, 3.2 1, 3.2.2 1, 3.2.2.2 3, 3.2.2 0, 4. 12;LACOMBRE;2;1;1;1;1;1;1;1;0;1;1;55;1;3;0;12;55;55;55;55;55;55;55;55;55;55;55;55;55;55;55;55;55;55
226;U21_T6N_France-Galles_231329;2825.227722222222;LACOMBRE CODÉ;2;LACOMBRE_Pas d’impact;Pas d’impact;0;0;0;0;2. 0, 2. 0, 3. 1, 3.2 1, 3.2.2 1, 3.2.2.2 3, 3.2.2 0, 4. 10, 4.2 0, 4.3 0, 4.4 26, 4.5 25, 4.6 30, 4.7 31, 4.8 38, 4.9 1, 4.9.2 42, 4.9.2 42, 4.9.3 46, 4.21 49, 4.23.2 53, 4.23.3 1, 4.23.4 0, 4.23.5 1;LACOMBRE;0;0;0;0;0;0;0;0;0;1;1;55;1;3;0;10;55;0;0;26;25;30;31;38;1;42;42;46;49;55;53;1;0;1
227;U21_T6N_France-Galles_231329;2968.577;LACOMBRE CODÉ;3;LACOMBRE_258;258;2921;29.5;47.3;2.7;2. 0, 2. 0, 3. 1, 3.2 1, 3.2.2 1, 3.2.2.2 4, 3.2.2 1, 4. 13;LACOMBRE;29.9;2;1;2;1;2;2;0;0;1;1;55;1;4;1;13;55;55;55;55;55;55;55;55;55;55;55;55;55;55;55;55;55;55
228;U21_T6N_France-Galles_231329;3422.6374444444446;LACOMBRE CODÉ;4;LACOMBRE_Pas d’impact;Pas d’impact;0;0;0;0;2. 0, 2. 0, 3. 1, 3.2 1, 3.2.2 1, 3.2.2.2 2, 3.2.2 0, 4. 10, 4.2 0, 4.3 0, 4.4 25, 4.5 25, 4.6 29, 4.7 31, 4.8 38, 4.9 1, 4.9.2  43, 4.9.2 42, 4.9.3 46, 4.21 49, 4.23.2 51, 4.23.3 1, 4.23.4 0, 4.23.5 1;LACOMBRE;0;0;0;0;0;0;0;0;0;1;1;55;1;2;0;10;55;0;0;25;25;29;31;38;1;43;42;46;49;55;51;1;0;1
229;U21_T6N_France-Galles_231329;4567.562922222222;LACOMBRE CODÉ;5;LACOMBRE_Pas d’impact;Pas d’impact;0;0;0;0;2. 0, 2. 0, 3. 1, 3.2 1, 3.2.2 1, 3.2.2.2 2, 3.2.2 0, 4. 10, 4.2 0, 4.3 0, 4.4 27, 4.5 27, 4.6 30, 4.7 31, 4.8 38, 4.9 1, 4.9.2 42, 4.9.2 42, 4.9.3 45, 4.21 49, 4.23.2 53, 4.23.3 1, 4.23.4 0, 4.23.5 1;LACOMBRE;0;0;0;0;0;0;0;0;0;1;1;55;1;2;0;10;55;0;0;27;27;30;31;38;1;42;42;45;49;55;53;1;0;1
221;U21_T6N_France-Galles_231329;4771.617666666667;LACOMBRE CODÉ;6;LACOMBRE_265;265;2397;22.8;28.5;2.4;2. 1, 2. 0, 3. 1, 3.2 0, 3.2 21, 4. 10, 4.2 24, 4.3 0, 4.4 25, 4.5 25, 4.6 28, 4.9 1, 4.9.2  43, 4.9.2 43, 4.9.3 45, 4.21 49, 4.23.2 53, 4.23.3 54, 4.23.4 0, 4.23.5 41;LACOMBRE;24.4;1;1;1;1;1;1;1;0;1;0;21;55;55;55;10;55;24;0;25;25;28;55;55;1;43;43;45;49;55;53;54;0;41
222;U21_T6N_France-Galles_231329;4842.621177777777;LACOMBRE CODÉ;7;LACOMBRE_266;266;924;3.8;22.6;1.6;2. 0, 2. 0, 3. 1, 3.2 0, 3.2 21, 4. 12;LACOMBRE;2.2;1;1;1;1;1;1;0;0;1;0;21;55;55;55;12;55;55;55;55;55;55;55;55;55;55;55;55;55;55;55;55;55;55
222;U21_T6N_France-Galles_231329;4933.317788888889;LACOMBRE CODÉ;8;LACOMBRE_Pas d’impact;Pas d’impact;0;0;0;0;2. 0, 2. 0, 3. 1, 3.2 1, 3.2.2 1, 3.2.2.2 0, 3.2.2 0, 4. 6, 4.2 17;LACOMBRE;0;0;0;0;0;0;0;0;0;1;1;55;1;0;0;6;17;55;55;55;55;55;55;55;55;55;55;55;55;55;55;55;55;55
223;U21_T6N_France-Galles_231329;842.2871555555555;CASTRO CODÉ;2;CASTRO_Pas d’impact;Pas d’impact;0;0;0;0;2. 0, 2. 0, 3. 1, 3.2 1, 3.2.2 0, 3.2.2 0, 4. 6, 4.2 17;CASTRO;0;0;0;0;0;0;0;0;0;1;1;55;0;55;0;6;17;55;55;55;55;55;55;55;55;55;55;55;55;55;55;55;55;55
224;U21_T6N_France-Galles_231329;2431.626788888889;CASTRO CODÉ;2;CASTRO_222;222;2189;6.8;24;2;2. 1, 2. 0, 3. 1, 3.2 0, 3.2 21, 4. 12;CASTRO;2.6;1;1;1;1;1;1;1;0;1;0;21;55;55;55;12;55;55;55;55;55;55;55;55;55;55;55;55;55;55;55;55;55;55
225;U21_T6N_France-Galles_231329;2813.439488888889;CASTRO CODÉ;3;CASTRO_Pas d’impact;Pas d’impact;0;0;0;0;2. 0, 2. 0, 3. 1, 3.2 1, 3.2.2 0, 3.2.2 0, 4. 10, 4.2 0, 4.3 0, 4.4 26, 4.5 26, 4.6 29, 4.7 31, 4.8 1 , 4.9 1, 4.9.2 42, 4.9.2 42, 4.9.3 46, 4.21 49, 4.23.2 51, 4.23.3 1, 4.23.4 0, 4.23.5 41;CASTRO;0;0;0;0;0;0;0;0;0;1;1;55;0;55;0;10;55;0;0;26;26;29;31;1;1;42;42;46;49;55;51;1;0;41
226;U21_T6N_France-Galles_231329;2199.9721444444445;CASTRO CODÉ;4;CASTRO_Pas d’impact;Pas d’impact;0;0;0;0;2. 1, 2. 0, 3. 1, 3.2 1, 3.2.2 0, 3.2.2 0, 4. 13;CASTRO;0;0;0;0;0;0;0;1;0;1;1;55;0;55;0;13;55;55;55;55;55;55;55;55;55;55;55;55;55;55;55;55;55;55
227;U21_T6N_France-Galles_231329;2959.3322444444446;CASTRO CODÉ;5;CASTRO_Pas d’impact;Pas d’impact;0;0;0;0;2. 0, 2. 0, 3. 1, 3.2 1, 3.2.2 0, 3.2.2 0, 4. 10, 4.2 24, 4.3 0, 4.4 25, 4.5 25, 4.6 29, 4.7 31, 4.8 39, 4.9 1, 4.9.2  44, 4.9.2 44, 4.9.3 46, 4.21 49, 4.23.2 52, 4.23.3 1, 4.23.4 0, 4.23.5 41;CASTRO;0;0;0;0;0;0;0;0;0;1;1;55;0;55;0;10;55;24;0;25;25;29;31;39;1;44;44;46;49;55;52;1;0;41
228;U21_T6N_France-Galles_231329;5137.6149222222225;CASTRO CODÉ;6;CASTRO_236;236;2638;6.5;34.2;2.5;2. 1, 2. 0, 3. 1, 3.2 1, 3.2.2 1, 3.2.2.2 0, 3.2.2 1, 4. 10, 4.2 24, 4.3 1, 4.4 25, 4.5 25, 4.6 28, 4.7 32, 4.8 1 , 4.9 1, 4.9.2  43, 4.9.2 43, 4.9.3 45, 4.21 49, 4.23.2 51, 4.23.3 54, 4.23.4 0, 4.23.5 0;CASTRO;5.7;1;1;1;1;1;1;1;0;1;1;55;1;0;1;10;55;24;1;25;25;28;32;1;1;43;43;45;49;55;51;54;0;0
229;U21_T6N_France-Galles_231329;5428.546466666667;CASTRO CODÉ;7;CASTRO_Pas d’impact;Pas d’impact;0;0;0;0;2. 0, 2. 0, 3. 1, 3.2 1, 3.2.2 1, 3.2.2.2 3, 3.2.2 0, 4. 6, 4.2 18;CASTRO;0;0;0;0;0;0;0;0;0;1;1;55;1;3;0;6;18;55;55;55;55;55;55;55;55;55;55;55;55;55;55;55;55;55
231;U21_T6N_France-Galles_231329;6216.624822222222;CASTRO CODÉ;8;CASTRO_243;243;2272;8.9;24.5;1.7;2. 0, 2. 0, 3. 1, 3.2 1, 3.2.2 1, 3.2.2.2 2, 3.2.2 0, 4. 6, 4.2 16;CASTRO;2;1;1;1;1;1;1;0;0;1;1;55;1;2;0;6;16;55;55;55;55;55;55;55;55;55;55;55;55;55;55;55;55;55
232;U21_T6N_France-Galles_231329;6375.222977777778;CASTRO CODÉ;9;CASTRO_246;246;289;3;9.6;2;2. 1, 2. 0, 3. 0, 3.2 20;CASTRO;2.3;1;1;1;1;1;1;1;0;0;55;20;55;55;55;55;55;55;55;55;55;55;55;55;55;55;55;55;55;55;55;55;55;55
232;U21_T6N_France-Galles_231329;6845.583966666667;CASTRO CODÉ;21;CASTRO_247;247;3847;23.2;22.2;1.6;2. 0, 2. 0, 3. 1, 3.2 1, 3.2.2 1, 3.2.2.2 1, 3.2.2 1, 4. 10, 4.2 24, 4.3 0, 4.4 25, 4.5 25, 4.6 28, 4.7 32, 4.8 1 , 4.9 1, 4.9.2 42, 4.9.2 42, 4.9.3 46, 4.21 49, 4.23.2 51, 4.23.3 54, 4.23.4 0, 4.23.5 41;CASTRO;6.2;1;2;1;2;2;2;0;0;1;1;55;1;1;1;10;55;24;0;25;25;28;32;1;1;42;42;46;49;55;51;54;0;41
233;U21_T6N_France-Galles_231329;846.5181555555555;DESPERES CODÉ;2;DESPERES_Pas d’impact;Pas d’impact;0;0;0;0;2. 0, 2. 0, 3. 1, 3.2 0, 3.2 21, 4. 6, 4.2 18;DESPERES;0;0;0;0;0;0;0;0;0;1;0;21;55;55;55;6;18;55;55;55;55;55;55;55;55;55;55;55;55;55;55;55;55;55
234;U21_T6N_France-Galles_231329;6217.221966666667;DESPERES CODÉ;2;DESPERES_213;213;2153;23.4;8.7;1.9;2. 0, 2. 0, 3. 1, 3.2 1, 3.2.2 1, 3.2.2.2 3, 3.2.2 0, 4. 10, 4.2 0, 4.3 0, 4.4 26, 4.5 25, 4.6 28, 4.7 31, 4.8 38, 4.9 1, 4.9.2  43, 4.9.2 42, 4.9.3 45, 4.21 49, 4.23.2 51, 4.23.3 1, 4.23.4 1, 4.23.5 0;DESPERES;3.6;1;1;1;1;1;1;0;0;1;1;55;1;3;0;10;55;0;0;26;25;28;31;38;1;43;42;45;49;55;51;1;1;0
235;U21_T6N_France-Galles_231329;7176.222588888889;FERTE CODÉ;2;FERTE_26;26;495;9.9;8;1.9;2. 0, 2. 0, 3. 1, 3.2 1, 3.2.2 1, 3.2.2.2 3, 3.2.2 0, 4. 10, 4.2 0, 4.3 0, 4.4 25, 4.5 25, 4.6 29, 4.7 33, 4.8 38, 4.9 1, 4.9.2  43, 4.9.2 42, 4.9.3 46, 4.21 49, 4.23.2 51, 4.23.3 1, 4.23.4 1, 4.23.5 0;FERTE;2.8;1;1;1;1;1;1;0;0;1;1;55;1;3;0;10;55;0;0;25;25;29;33;38;1;43;42;46;49;55;51;1;1;0
236;U21_T6N_France-Galles_231329;4935.617222222222;LIUFAU CODÉ;2;LIUFAU_74;74;2366;23.7;21.8;2;2. 0, 2. 0, 3. 1, 3.2 1, 3.2.2 1, 3.2.2.2 3, 3.2.2 0, 4. 6, 4.2 17;LIUFAU;21.5;1;1;1;1;1;1;0;0;1;1;55;1;3;0;6;17;55;55;55;55;55;55;55;55;55;55;55;55;55;55;55;55;55
237;U21_T6N_France-Galles_231329;5124.429766666667;LIUFAU CODÉ;2;LIUFAU_Pas d’impact;Pas d’impact;0;0;0;0;2. 1, 2. 0, 3. 1, 3.2 1, 3.2.2 1, 3.2.2.2 3, 3.2.2 0, 4. 10, 4.2 0, 4.3 1, 4.4 26, 4.5 25, 4.6 29, 4.7 33, 4.8 38, 4.9 1, 4.9.2  43, 4.9.2 43, 4.9.3 45, 4.21 49, 4.23.2 53, 4.23.3 1, 4.23.4 0, 4.23.5 1;LIUFAU;0;0;0;0;0;0;0;1;0;1;1;55;1;3;0;10;55;0;1;26;25;29;33;38;1;43;43;45;49;55;53;1;0;1
238;U21_T6N_France-Galles_231329;6598.577677777777;LIUFAU CODÉ;3;LIUFAU_92;92;782;5.9;22.4;2;2. 0, 2. 0, 3. 1, 3.2 0, 3.2 21, 4. 6, 4.2 15;LIUFAU;2.7;1;1;1;1;1;1;0;0;1;0;21;55;55;55;6;15;55;55;55;55;55;55;55;55;55;55;55;55;55;55;55;55;55
239;U21_T6N_France-Galles_231329;7377.3724;LIUFAU CODÉ;4;LIUFAU_Pas d’impact;Pas d’impact;0;0;0;0;2. 0, 2. 0, 3. 1, 3.2 1, 3.2.2 0, 3.2.2 0, 4. 10, 4.2 0, 4.3 0, 4.4 26, 4.5 25, 4.6 30, 4.7 31, 4.8 38, 4.9 1, 4.9.2 42, 4.9.2 42, 4.9.3 46, 4.21 49, 4.23.2 53, 4.23.3 1, 4.23.4 0, 4.23.5 1;LIUFAU;0;0;0;0;0;0;0;0;0;1;1;55;0;55;0;10;55;0;0;26;25;30;31;38;1;42;42;46;49;55;53;1;0;1
241;U21_T6N_France-Galles_231329;7423.891233333333;LIUFAU CODÉ;5;LIUFAU_Pas d’impact;Pas d’impact;0;0;0;0;2. 1, 2. 0, 3. 0, 3.2 20, 4. 6, 4.2 18;LIUFAU;0;0;0;0;0;0;0;1;0;0;55;20;55;55;55;6;18;55;55;55;55;55;55;55;55;55;55;55;55;55;55;55;55;55
242;U21_T6N_France-Galles_231329;5317.616922222222;RATAJCZAK CODÉ;2;RATAJCZAK_43;43;2422;5.4;21.6;1.6;2. 1, 2. 0, 3. 1, 3.2 1, 3.2.2 1, 3.2.2.2 0, 3.2.2 0, 4. 12;RATAJCZAK;2;1;1;1;1;1;1;1;0;1;1;55;1;0;0;12;55;55;55;55;55;55;55;55;55;55;55;55;55;55;55;55;55;55
242;U21_T6N_France-Galles_231329;7185.567722222222;RATAJCZAK CODÉ;2;RATAJCZAK_62;62;724;9.9;21.2;2.2;2. 0, 2. 0, 3. 1, 3.2 1, 3.2.2 1, 3.2.2.2 3, 3.2.2 1, 4. 10, 4.2 0, 4.3 0, 4.4 26, 4.5 25, 4.6 28, 4.7 33, 4.8 38, 4.9 1, 4.9.2  43, 4.9.2 42, 4.9.3 46, 4.21 49, 4.23.2 51, 4.23.3 1, 4.23.4 1, 4.23.5 1;RATAJCZAK;3.9;1;1;1;1;1;1;0;0;1;1;55;1;3;1;10;55;0;0;26;25;28;33;38;1;43;42;46;49;55;51;1;1;1
243;U21_T6N_France-Galles_231329;7219.1592888888885;RATAJCZAK CODÉ;3;RATAJCZAK_65;65;742;4.7;5.8;1.6;2. 0, 2. 0, 3. 1, 3.2 0, 3.2 21, 4. 6, 4.2 17;RATAJCZAK;1.9;1;1;1;1;1;1;0;0;1;0;21;55;55;55;6;17;55;55;55;55;55;55;55;55;55;55;55;55;55;55;55;55;55
244;U21_T6N_France-Galles_231329;7186.616644444444;SENTUBERY CODÉ;2;SENTUBERY_37;37;789;6.9;24.5;2.3;2. 0, 2. 0, 3. 1, 3.2 1, 3.2.2 1, 3.2.2.2 1, 3.2.2 0, 4. 6, 4.2 16;SENTUBERY;4.3;1;1;1;1;1;1;0;0;1;1;55;1;1;0;6;16;55;55;55;55;55;55;55;55;55;55;55;55;55;55;55;55;55
245;U21_T6N_France-Galles_231329;7374.611333333334;SENTUBERY CODÉ;2;SENTUBERY_45;45;627;6.9;22.4;1.5;2. 1, 2. 0, 3. 1, 3.2 1, 3.2.2 1, 3.2.2.2 3, 3.2.2 0, 4. 10, 4.2 24, 4.3 0, 4.4 26, 4.5 26, 4.6 30, 4.7 31, 4.8 38, 4.9 1, 4.9.2  44, 4.9.2 42, 4.9.3 46, 4.21 49, 4.23.2 51, 4.23.3 1, 4.23.4 0, 4.23.5 1;SENTUBERY;2.2;1;1;1;1;1;1;1;0;1;1;55;1;3;0;10;55;24;0;26;26;30;31;38;1;44;42;46;49;55;51;1;0;1
246;U21_T6N_France-Galles_231329;2532.523233333333;DEPOORTERE CODÉ;2;DEPOORTERE_Pas d’impact;Pas d’impact;0;0;0;0;2. 0, 2. 0, 3. 1, 3.2 1, 3.2.2 1, 3.2.2.2 3, 3.2.2 0, 4. 6, 4.2 17;DEPOORTERE;0;0;0;0;0;0;0;0;0;1;1;55;1;3;0;6;17;55;55;55;55;55;55;55;55;55;55;55;55;55;55;55;55;55
247;U21_T6N_France-Galles_231329;2884.729777777778;DEPOORTERE CODÉ;2;DEPOORTERE_Pas d’impact;Pas d’impact;0;0;0;0;2. 1, 2. 0, 3. 1, 3.2 1, 3.2.2 0, 3.2.2 0, 4. 13;DEPOORTERE;0;0;0;0;0;0;0;1;0;1;1;55;0;55;0;13;55;55;55;55;55;55;55;55;55;55;55;55;55;55;55;55;55;55
248;U21_T6N_France-Galles_231329;6622.184366666667;DEPOORTERE CODÉ;3;DEPOORTERE_Pas d’impact;Pas d’impact;0;0;0;0;2. 0, 2. 0, 3. 0, 3.2 23;DEPOORTERE;0;0;0;0;0;0;0;0;0;0;55;23;55;55;55;55;55;55;55;55;55;55;55;55;55;55;55;55;55;55;55;55;55;55
249;U21_T6N_France-Galles_231329;7283.365988888889;DEPOORTERE CODÉ;4;DEPOORTERE_Pas d’impact;Pas d’impact;0;0;0;0;2. 0, 2. 0, 3. 1, 3.2 1, 3.2.2 1, 3.2.2.2 3, 3.2.2 0, 4. 6, 4.2 17;DEPOORTERE;0;0;0;0;0;0;0;0;0;1;1;55;1;3;0;6;17;55;55;55;55;55;55;55;55;55;55;55;55;55;55;55;55;55
251;U21_T6N_France-Galles_231329;2212.6926666666666;GAILLETON CODÉ;2;GAILLETON_Pas d’impact;Pas d’impact;0;0;0;0;2. 1, 2. 0, 3. 1, 3.2 0, 3.2 21, 4. 6, 4.2 18;GAILLETON;0;0;0;0;0;0;0;1;0;1;0;21;55;55;55;6;18;55;55;55;55;55;55;55;55;55;55;55;55;55;55;55;55;55
252;U21_T6N_France-Galles_231329;2229.2598666666666;GAILLETON CODÉ;2;GAILLETON_Pas d’impact;Pas d’impact;0;0;0;0;2. 1, 2. 0, 3. 1, 3.2 0, 3.2 21, 4. 10, 4.2 1, 4.3 0, 4.4 27, 4.5 26, 4.6 29, 4.9 1, 4.9.2 42, 4.9.2 43, 4.9.3 46, 4.21 47, 4.23.2 50;GAILLETON;0;0;0;0;0;0;0;1;0;1;0;21;55;55;55;10;55;1;0;27;26;29;55;55;1;42;43;46;47;50;55;55;55;55
252;U21_T6N_France-Galles_231329;2793.9348;GAILLETON CODÉ;3;GAILLETON_Pas d’impact;Pas d’impact;0;0;0;0;2. 0, 2. 0, 3. 1, 3.2 1, 3.2.2 1, 3.2.2.2 2, 3.2.2 0, 4. 12;GAILLETON;0;0;0;0;0;0;0;0;0;1;1;55;1;2;0;12;55;55;55;55;55;55;55;55;55;55;55;55;55;55;55;55;55;55
253;U21_T6N_France-Galles_231329;2952.7834888888888;GAILLETON CODÉ;4;GAILLETON_Pas d’impact;Pas d’impact;0;0;0;0;2. 0, 2. 0, 3. 1, 3.2 1, 3.2.2 0, 3.2.2 0, 4. 10, 4.2 0, 4.3 0, 4.4 26, 4.5 25, 4.6 28, 4.7 34, 4.8 38, 4.9 1, 4.9.2 42, 4.9.2 42, 4.9.3 46, 4.21 49, 4.23.2 53, 4.23.3 54, 4.23.4 1, 4.23.5 1;GAILLETON;0;0;0;0;0;0;0;0;0;1;1;55;0;55;0;10;55;0;0;26;25;28;34;38;1;42;42;46;49;55;53;54;1;1
254;U21_T6N_France-Galles_231329;3212.2663555555555;GAILLETON CODÉ;5;GAILLETON_Pas d’impact;Pas d’impact;0;0;0;0;2. 1, 2. 0, 3. 1, 3.2 1, 3.2.2 1, 3.2.2.2 1, 3.2.2 0, 4. 10, 4.2 24, 4.3 0, 4.4 26, 4.5 25, 4.6 28, 4.7 33, 4.8 1 , 4.9 1, 4.9.2 42, 4.9.2 42, 4.9.3 45, 4.21 49, 4.23.2 53, 4.23.3 1, 4.23.4 0, 4.23.5 1;GAILLETON;0;0;0;0;0;0;0;1;0;1;1;55;1;1;0;10;55;24;0;26;25;28;33;1;1;42;42;45;49;55;53;1;0;1
255;U21_T6N_France-Galles_231329;6752.1712;GAILLETON CODÉ;6;GAILLETON_Pas d’impact;Pas d’impact;0;0;0;0;2. 0, 2. 0, 3. 1, 3.2 1, 3.2.2 0, 3.2.2 0, 4. 10, 4.2 0, 4.3 0, 4.4 26, 4.5 25, 4.6 30, 4.7 34, 4.8 38, 4.9 1, 4.9.2  44, 4.9.2 42, 4.9.3 46, 4.21 49, 4.23.2 53, 4.23.3 54, 4.23.4 1, 4.23.5 1;GAILLETON;0;0;0;0;0;0;0;0;0;1;1;55;0;55;0;10;55;0;0;26;25;30;34;38;1;44;42;46;49;55;53;54;1;1
256;U21_T6N_Italie-France_231213;712.123;JOUANNY CODÉ;2;JOUANNY_83;83;2233;8.5;32.9;2.2;2. 0, 2. 0, 3. 1, 3.2 1, 3.2.2 1, 3.2.2.2 4, 3.2.2 0, 4. 10, 4.2 1, 4.3 0, 4.4 26, 4.5 25, 4.6 28, 4.7 1 , 4.8 39, 4.9 0, 4.21 49, 4.23.2 51, 4.23.3 1, 4.23.4 41, 4.23.5 1;JOUANNY;22.5;1;1;1;1;1;1;0;0;1;1;55;1;4;0;10;55;1;0;26;25;28;1;39;0;55;55;55;49;55;51;1;41;1
257;U21_T6N_Italie-France_231213;3181.997;JOUANNY CODÉ;2;JOUANNY_218;218;2177;8.3;47.3;2.6;2. 1, 2. 0, 3. 1, 3.2 1, 3.2.2 1, 3.2.2.2 1, 3.2.2 0, 4. 10, 4.2 24, 4.3 1, 4.4 26, 4.5 25, 4.6 29, 4.7 1 , 4.8 1 , 4.9 1, 4.9.2  43, 4.9.2 43, 4.9.3 45, 4.23.2 50, 4.21 47;JOUANNY;26.2;2;1;2;1;2;2;1;0;1;1;55;1;1;0;10;55;24;1;26;25;29;1;1;1;43;43;45;47;50;55;55;55;55
261;U21_T6N_Italie-France_231213;2334.996;ATTISOGBE CODÉ;3;ATTISOGBE_92;92;2393;5.6;29.7;2.3;2. 0, 2. 0, 3. 1, 3.2 0, 3.2 21, 4. 10, 4.2 24, 4.3 0, 4.4 25, 4.5 25, 4.6 28, 4.21 47, 4.23.2 50;ATTISOGBE;4.8;1;1;1;1;1;1;0;0;1;0;21;55;55;55;10;55;24;0;25;25;28;55;55;55;55;55;55;47;50;55;55;55;55
262;U21_T6N_Italie-France_231213;6753.139788888889;ATTISOGBE CODÉ;4;ATTISOGBE_Pas d’impact;Pas d’impact;0;0;0;0;2. 0, 2. 0, 3. 1, 3.2 0, 3.2 21, 4. 10;ATTISOGBE;0;0;0;0;0;0;0;0;0;1;0;21;55;55;55;Récupération d'un10 ballon 15;55;55;55;55;55;55;55;55;55;55;55;55;55;55;55;55;55;55
262;U21_T6N_Italie-France_231213;7362.575;ATTISOGBE CODÉ;5;ATTISOGBE_221;221;489;23.2;7.3;1.8;2. 1, 2. 0, 3. 1, 3.2 1, 3.2.2 1, 3.2.2.2 5, 3.2.2 0, 4. 14;ATTISOGBE;6.6;1;1;1;2;2;2;1;0;1;1;55;1;5;0;14;55;55;55;55;55;55;55;55;55;55;55;55;55;55;55;55;55;55
263;U21_T6N_Italie-France_231213;5132.992;CHI55RRO CODÉ;2;CHI55RRO_Pas d’impact;Pas d’impact;0;0;0;0;2. 1, 2. 0, 3. 1, 3.2 1, 3.2.2 0, 3.2.2 0, 4. 10, 4.2 0, 4.3 1, 4.4 25, 4.5 25, 4.6 28, 4.7 32, 4.8 41, 4.9 0, 4.21 49, 4.23.2 53, 4.23.3 54, 4.23.4 41, 4.23.5 41;CHI55RRO;0;0;0;0;0;0;0;1;0;1;1;55;0;55;0;10;55;0;1;25;25;28;32;41;0;55;55;55;49;55;53;54;41;41
264;U21_T6N_Italie-France_231213;6993.899;CHI55RRO CODÉ;2;CHI55RRO_53;53;2412;7.9;27.4;2.7;2. 0, 2. 0, 3. 1, 3.2 1, 3.2.2 1, 3.2.2.2 3, 3.2.2 0, 4. 10, 4.2 0, 4.3 0, 4.4 26, 4.5 25, 4.6 29, 4.7 33, 4.8 38, 4.9 1, 4.9.2  43, 4.9.2 42, 4.9.3 46, 4.21 49, 4.23.2 52, 4.23.3 1, 4.23.4 0, 4.23.5 1;CHI55RRO;26.7;1;1;2;1;2;2;0;0;1;1;55;1;3;0;10;55;0;0;26;25;29;33;38;1;43;42;46;49;55;52;1;0;1
265;U21_T6N_Italie-France_231213;7323.998;CHI55RRO CODÉ;3;CHI55RRO_58;58;2736;22.4;36.2;2.8;2. 1, 2. 0, 3. 1, 3.2 1, 3.2.2 1, 3.2.2.2 3, 3.2.2 0, 4. 10, 4.2 0, 4.3 0, 4.4 26, 4.5 25, 4.6 29, 4.7 33, 4.8 38, 4.9 1, 4.9.2  43, 4.9.2 42, 4.9.3 46, 4.21 49, 4.23.2 53, 4.23.3 1, 4.23.4 1, 4.23.5 41;CHI55RRO;29;1;1;2;1;2;2;1;0;1;1;55;1;3;0;10;55;0;0;26;25;29;33;38;1;43;42;46;49;55;53;1;1;41
266;U21_T6N_Italie-France_231213;2436.794;LIUFAU CODÉ;2;LIUFAU_2223;2223;529;8.2;22.8;2.3;2. 0, 2. 0, 3. 1, 3.2 1, 3.2.2 1, 3.2.2.2 2, 3.2.2 0, 4. 10, 4.2 24, 4.3 0, 4.4 26, 4.5 25, 4.6 29, 4.7 33, 4.8 37, 4.9 1, 4.9.2 42, 4.9.2 42, 4.9.3 45, 4.21 49, 4.23.2 53, 4.23.3 1, 4.23.4 1, 4.23.5 1;LIUFAU;4.7;1;1;1;1;1;1;0;0;1;1;55;1;2;0;10;55;24;0;26;25;29;33;37;1;42;42;45;49;55;53;1;1;1
267;U21_T6N_Italie-France_231213;4495.1295;LIUFAU CODÉ;2;LIUFAU_Pas d’impact;Pas d’impact;0;0;0;0;2. 1, 2. 0, 3. 1, 3.2 1, 3.2.2 1, 3.2.2.2 1, 3.2.2 0, 4. 10, 4.2 24, 4.3 1, 4.4 25, 4.5 25, 4.6 29, 4.7 31, 4.8 41, 4.9 0, 4.21 49, 4.23.2 52, 4.23.3 54, 4.23.4 41, 4.23.5 41;LIUFAU;0;0;0;0;0;0;0;1;0;1;1;55;1;1;0;10;55;24;1;25;25;29;31;41;0;55;55;55;49;55;52;54;41;41
268;U21_T6N_Italie-France_231213;4667.22;LIUFAU CODÉ;3;LIUFAU_2258;2258;2421;4.2;26.9;1.5;2. 1, 2. 0, 3. 1, 3.2 0, 3.2 21, 4. 10, 4.2 24, 4.3 1, 4.4 25, 4.5 25, 4.6 28, 4.7 33, 4.8 41, 4.9 0, 4.21 49, 4.23.2 51, 4.23.3 54, 4.23.4 0, 4.23.5 41;LIUFAU;1.9;1;1;1;1;1;1;1;0;1;0;21;55;55;55;10;55;24;1;25;25;28;33;41;0;55;55;55;49;55;51;54;0;41
269;U21_T6N_Italie-France_231213;5143.392;LIUFAU CODÉ;4;LIUFAU_2262;2262;384;2;8.4;1.4;2. 1, 2. 0, 3. 1, 3.2 0, 3.2 21, 4. 10, 4.2 0, 4.3 1, 4.4 25, 4.5 25, 4.6 28, 4.21 49, 4.23.2 53;LIUFAU;1.4;1;1;1;1;1;1;1;0;1;0;21;55;55;55;10;55;0;1;25;25;28;55;55;55;55;55;55;49;55;53;55;55;55
271;U21_T6N_Italie-France_231213;5347.17;LIUFAU CODÉ;5;LIUFAU_2266;2266;726;7;24.4;2;2. 0, 2. 0, 3. 1, 3.2 1, 3.2.2 1, 3.2.2.2 1, 3.2.2 0, 4. 6, 4.2 18;LIUFAU;2.8;1;1;1;1;1;1;0;0;1;1;55;1;1;0;6;18;55;55;55;55;55;55;55;55;55;55;55;55;55;55;55;55;55
272;U21_T6N_Italie-France_231213;6297.4874;LIUFAU CODÉ;6;LIUFAU_Pas d’impact;Pas d’impact;0;0;0;0;2. 0, 2. 0, 3. 1, 3.2 1, 3.2.2 1, 3.2.2.2 3, 3.2.2 0, 4. 10, 4.2 0, 4.3 0, 4.4 25, 4.5 25, 4.6 29, 4.7 33, 4.8 38, 4.9 1, 4.9.2  43, 4.9.2 43, 4.9.3 46, 4.21 49, 4.23.2 51, 4.23.3 1, 4.23.4 0, 4.23.5 1;LIUFAU;0;0;0;0;0;0;0;0;0;1;1;55;1;3;0;10;55;0;0;25;25;29;33;38;1;43;43;46;49;55;51;1;0;1
272;U21_T6N_Italie-France_231213;6324.947;LIUFAU CODÉ;7;LIUFAU_2275;2275;2241;8.7;49.3;3.2;2. 0, 2. 0, 3. 1, 3.2 1, 3.2.2 1, 3.2.2.2 1, 3.2.2 1, 4. 14;LIUFAU;22.7;2;1;2;1;2;2;0;0;1;1;55;1;1;1;14;55;55;55;55;55;55;55;55;55;55;55;55;55;55;55;55;55;55
273;U21_T6N_Italie-France_231213;7174.137744444445;LIUFAU CODÉ;8;LIUFAU_Pas d’impact;Pas d’impact;0;0;0;0;2. 1, 2. 0, 3. 1, 3.2 1, 3.2.2 0, 3.2.2 0, 4. 10, 4.2 24, 4.3 1, 4.4 25, 4.5 25, 4.6 28, 4.7 32, 4.8 1 , 4.9 1, 4.9.2  43, 4.9.2 43, 4.9.3 45, 4.21 49, 4.23.2 53, 4.23.3 54, 4.23.4 0, 4.23.5 41;LIUFAU;0;0;0;0;0;0;0;1;0;1;1;55;0;55;0;10;55;24;1;25;25;28;32;1;1;43;43;45;49;55;53;54;0;41
274;U21_T6N_Italie-France_231213;2431.712;MATHIRON CODÉ;2;MATHIRON_782;782;2183;8;26.8;1.7;2. 0, 2. 0, 3. 1, 3.2 1, 3.2.2 1, 3.2.2.2 4, 3.2.2 0, 4. 6, 4.2 18;MATHIRON;2.7;1;1;1;1;1;1;0;0;1;1;55;1;4;0;6;18;55;55;55;55;55;55;55;55;55;55;55;55;55;55;55;55;55
275;U21_T6N_Italie-France_231213;6414.589;MATHIRON CODÉ;2;MATHIRON_811;811;4227;24.8;43.7;2.9;2. 0, 2. 0, 3. 1, 3.2 1, 3.2.2 1, 3.2.2.2 1, 3.2.2 0, 4. 10, 4.2 0, 4.3 0, 4.4 26, 4.5 25, 4.6 28, 4.7 33, 4.8 1 , 4.9 1, 4.9.2  43, 4.9.2 43, 4.9.3 46, 4.21 49, 4.23.2 51, 4.23.3 1, 4.23.4 1, 4.23.5 1;MATHIRON;21.2;1;2;1;1;2;2;0;0;1;1;55;1;1;0;10;55;0;0;26;25;28;33;1;1;43;43;46;49;55;51;1;1;1
276;U21_T6N_Italie-France_231213;835.148;NOUCHI CODÉ;2;NOUCHI_Pas d’impact;Pas d’impact;0;0;0;0;2. 1, 2. 0, 3. 1, 3.2 1, 3.2.2 0, 3.2.2 0, 4. 13;NOUCHI;0;0;0;0;0;0;0;1;0;1;1;55;0;55;0;13;55;55;55;55;55;55;55;55;55;55;55;55;55;55;55;55;55;55
277;U21_T6N_Italie-France_231213;2484.299;NOUCHI CODÉ;2;NOUCHI_354;354;2327;21.5;22;1.7;2. 0, 2. 0, 3. 1, 3.2 0, 3.2 21, 4. 6, 4.2 16;NOUCHI;2.3;1;1;1;1;1;1;0;0;1;0;21;55;55;55;6;16;55;55;55;55;55;55;55;55;55;55;55;55;55;55;55;55;55
278;U21_T6N_Italie-France_231213;2278.966;NOUCHI CODÉ;3;NOUCHI_357;357;3922;26.2;42.2;2.2;2. 1, 2. 0, 3. 1, 3.2 0, 3.2 21, 4. 10, 4.2 24, 4.3 1, 4.4 25, 4.5 25, 4.6 28, 4.21 49, 4.23.2 53, 4.23.3 54, 4.23.4 0, 4.23.5 41;NOUCHI;5.9;1;2;1;1;2;2;1;0;1;0;21;55;55;55;10;55;24;1;25;25;28;55;55;55;55;55;55;49;55;53;54;0;41
279;U21_T6N_Italie-France_231213;2998.298;NOUCHI CODÉ;4;NOUCHI_366;366;2299;25.2;34.3;2.7;2. 1, 2. 0, 3. 1, 3.2 1, 3.2.2 1, 3.2.2.2 1, 3.2.2 1, 4. 10, 4.2 24, 4.3 0, 4.4 26, 4.5 25, 4.6 28, 4.7 1 , 4.8 41, 4.9 1, 4.9.2  43, 4.9.2 43, 4.9.3 45, 4.21 47, 4.23.2 50;NOUCHI;28.8;1;1;2;1;2;2;1;0;1;1;55;1;1;1;10;55;24;0;26;25;28;1;41;1;43;43;45;47;50;55;55;55;55
281;U21_T6N_Italie-France_231213;4498.718;NOUCHI CODÉ;5;NOUCHI_382;382;2446;29.4;59.9;3.5;2. 1, 2. 0, 3. 1, 3.2 0, 3.2 21, 4. 10, 4.2 24, 4.3 0, 4.4 26, 4.5 25, 4.6 28, 4.21 49, 4.23.2 53, 4.23.4 0, 4.23.5 41;NOUCHI;32.4;2;1;2;1;2;2;1;0;1;0;21;55;55;55;10;55;24;0;26;25;28;55;55;55;55;55;55;49;55;53;55;0;41
282;U21_T6N_Italie-France_231213;4576.712;NOUCHI CODÉ;6;NOUCHI_383;383;821;7.8;8.2;1.9;2. 1, 2. 0, 3. 1, 3.2 0, 3.2 21, 4. 12;NOUCHI;2.4;1;1;1;1;1;1;1;0;1;0;21;55;55;55;12;55;55;55;55;55;55;55;55;55;55;55;55;55;55;55;55;55;55
282;U21_T6N_Italie-France_231213;4589.295;NOUCHI CODÉ;7;NOUCHI_385;385;2222;5.8;21.2;1.5;2. 1, 2. 0, 3. 1, 3.2 0, 3.2 21, 4. 12;NOUCHI;1.8;1;1;1;1;1;1;1;0;1;0;21;55;55;55;12;55;55;55;55;55;55;55;55;55;55;55;55;55;55;55;55;55;55
283;U21_T6N_Italie-France_231213;4862.295;NOUCHI CODÉ;8;NOUCHI_389;389;2124;9.2;26;2.2;2. 1, 2. 0, 3. 1, 3.2 1, 3.2.2 1, 3.2.2.2 3, 3.2.2 0, 4. 12;NOUCHI;22.4;1;1;1;1;1;1;1;0;1;1;55;1;3;0;12;55;55;55;55;55;55;55;55;55;55;55;55;55;55;55;55;55;55
284;U21_T6N_Italie-France_231213;4924.1;NOUCHI CODÉ;9;NOUCHI_392;392;374;2;21.3;1.3;2. 1, 2. 0, 3. 1, 3.2 0, 3.2 21, 4. 12;NOUCHI;1.3;1;1;1;1;1;1;1;0;1;0;21;55;55;55;12;55;55;55;55;55;55;55;55;55;55;55;55;55;55;55;55;55;55
285;U21_T6N_Italie-France_231213;6522.3;NOUCHI CODÉ;21;NOUCHI_416;416;2697;9.5;34.2;2.6;2. 0, 2. 0, 3. 1, 3.2 1, 3.2.2 0, 3.2.2 0, 4. 10, 4.2 24, 4.3 0, 4.4 25, 4.5 26, 4.6 30, 4.7 1 , 4.8 38, 4.9 1, 4.9.2  43, 4.9.2 42, 4.9.3 46, 4.21 47, 4.23.2 50;NOUCHI;26;1;1;2;1;2;2;0;0;1;1;55;0;55;0;10;55;24;0;25;26;30;1;38;1;43;42;46;47;50;55;55;55;55
286;U21_T6N_Italie-France_231213;6523.796;NOUCHI CODÉ;22;NOUCHI_415;415;265;24.2;8.6;1.8;2. 0, 2. 0, 3. 1, 3.2 1, 3.2.2 1, 3.2.2.2 5, 3.2.2 0, 4. 10, 4.2 24, 4.3 0, 4.4 25, 4.5 26, 4.6 30, 4.7 33, 4.8 38, 4.9 0, 4.21 47, 4.23.2 50;NOUCHI;7.2;1;1;1;2;2;2;0;0;1;1;55;1;5;0;10;55;24;0;25;26;30;33;38;0;55;55;55;47;50;55;55;55;55
287;U21_T6N_Italie-France_231213;6637.387;NOUCHI CODÉ;22;NOUCHI_Pas d’impact;Pas d’impact;0;0;0;0;2. 1, 2. 0, 3. 1, 3.2 1, 3.2.2 0, 3.2.2 0, 4. 10, 4.2 1, 4.3 0, 4.4 26, 4.5 26, 4.6 28, 4.7 1 , 4.8 37, 4.9 1, 4.9.2  43, 4.9.2 43, 4.9.3 45, 4.21 47, 4.23.2 50;NOUCHI;0;0;0;0;0;0;0;1;0;1;1;55;0;55;0;10;55;1;0;26;26;28;1;37;1;43;43;45;47;50;55;55;55;55
288;U21_T6N_Italie-France_231213;6856.412;NOUCHI CODÉ;23;NOUCHI_419;419;4245;21.7;27.3;1.4;2. 0, 2. 0, 3. 1, 3.2 1, 3.2.2 1, 3.2.2.2 4, 3.2.2 0, 4. 10, 4.2 1, 4.3 0, 4.4 25, 4.5 25, 4.6 28, 4.7 1 , 4.8 39, 4.9 1, 4.9.2  43, 4.9.2 42, 4.9.3 45, 4.21 49, 4.23.2 51, 4.23.3 1, 4.23.4 0, 4.23.5 1;NOUCHI;4.6;1;2;1;1;2;2;0;0;1;1;55;1;4;0;10;55;1;0;25;25;28;1;39;1;43;42;45;49;55;51;1;0;1
289;U21_T6N_Italie-France_231213;6861.252;NOUCHI CODÉ;24;NOUCHI_421;421;575;6.5;6.4;1.7;2. 0, 2. 0, 3. 1, 3.2 0, 3.2 21, 4. 10, 4.2 1, 4.3 0, 4.4 25, 4.5 25, 4.6 28, 4.7 1 , 4.8 39, 4.9 0, 4.21 49, 4.23.2 51, 4.23.3 1, 4.23.4 0, 4.23.5 1;NOUCHI;2.4;1;1;1;1;1;1;0;0;1;0;21;55;55;55;10;55;1;0;25;25;28;1;39;0;55;55;55;49;55;51;1;0;1
291;U21_T6N_Italie-France_231213;2642.5199;PENVERNE CODÉ;2;PENVERNE_22;22;2236;21.3;24.9;1.6;2. 0, 2. 0, 3. 1, 3.2 1, 3.2.2 1, 3.2.2.2 0, 3.2.2 0, 4. 6, 4.2 16;PENVERNE;2.8;1;1;1;1;1;1;0;0;1;1;55;1;0;0;6;16;55;55;55;55;55;55;55;55;55;55;55;55;55;55;55;55;55
292;U21_T6N_Italie-France_231213;3169.724577777778;PENVERNE CODÉ;2;PENVERNE_Pas d’impact;Pas d’impact;0;0;0;0;2. 1, 2. 0, 3. 0, 3.2 20, 4. 6, 4.2 18;PENVERNE;0;0;0;0;0;0;0;1;0;0;55;20;55;55;55;6;18;55;55;55;55;55;55;55;55;55;55;55;55;55;55;55;55;55
292;U21_T6N_Italie-France_231213;4474.899;PENVERNE CODÉ;3;PENVERNE_32;32;692;7.7;22.8;2.3;2. 1, 2. 0, 3. 1, 3.2 1, 3.2.2 1, 3.2.2.2 1, 3.2.2 0, 4. 10, 4.2 0, 4.3 1, 4.4 26, 4.5 25, 4.6 29, 4.7 1 , 4.8 1 , 4.9 1, 4.9.2  43, 4.9.2 42, 4.9.3 46, 4.21 49, 4.23.2 51, 4.23.3 1, 4.23.4 0, 4.23.5 1;PENVERNE;4.3;1;1;1;1;1;1;1;0;1;1;55;1;1;0;10;55;0;1;26;25;29;1;1;1;43;42;46;49;55;51;1;0;1
293;U21_T6N_Italie-France_231213;4477.398;PENVERNE CODÉ;4;PENVERNE_33;33;481;22.5;8.2;1.9;2. 0, 2. 0, 3. 1, 3.2 1, 3.2.2 0, 3.2.2 0, 4. 13;PENVERNE;3.2;1;1;1;1;1;1;0;0;1;1;55;0;55;0;13;55;55;55;55;55;55;55;55;55;55;55;55;55;55;55;55;55;55
294;U21_T6N_Italie-France_231213;4627.193;PENVERNE CODÉ;5;PENVERNE_35;35;931;6.2;8.5;1.8;2. 1, 2. 0, 3. 1, 3.2 0, 3.2 21, 4. 10, 4.2 24, 4.3 0, 4.4 25, 4.5 25, 4.6 29, 4.7 32, 4.8 1 , 4.9 0, 4.21 49, 4.23.2 53, 4.23.3 54, 4.23.4 0, 4.23.5 41;PENVERNE;2.7;1;1;1;1;1;1;1;0;1;0;21;55;55;55;10;55;24;0;25;25;29;32;1;0;55;55;55;49;55;53;54;0;41
295;U21_T6N_Italie-France_231213;4756.117;PENVERNE CODÉ;6;PENVERNE_37;37;2727;24.9;45.8;4;2. 0, 2. 0, 3. 1, 3.2 1, 3.2.2 1, 3.2.2.2 2, 3.2.2 1, 4. 10, 4.2 1, 4.3 0, 4.4 26, 4.5 25, 4.6 28, 4.7 33, 4.8 37, 4.9 1, 4.9.2  43, 4.9.2 42, 4.9.3 46, 4.21 49, 4.23.2 53, 4.23.3 0, 4.23.4 1, 4.23.5 41;PENVERNE;42.7;2;1;2;2;3;2;0;0;1;1;55;1;2;1;10;55;1;0;26;25;28;33;37;1;43;42;46;49;55;53;0;1;41
296;U21_T6N_Italie-France_231213;5515.615;PENVERNE CODÉ;7;PENVERNE_Pas d’impact;Pas d’impact;0;0;0;0;2. 0, 2. 0, 3. 0, 3.2 20, 4. 6, 4.2 18;PENVERNE;0;0;0;0;0;0;0;0;0;0;55;20;55;55;55;6;18;55;55;55;55;55;55;55;55;55;55;55;55;55;55;55;55;55
297;U21_T6N_Italie-France_231213;6631.413;PENVERNE CODÉ;8;PENVERNE_66;66;218;8.8;7.8;1.9;2. 1, 2. 0, 3. 1, 3.2 0, 3.2 21, 4. 6, 4.2 15;PENVERNE;2.6;1;1;1;1;1;1;1;0;1;0;21;55;55;55;6;15;55;55;55;55;55;55;55;55;55;55;55;55;55;55;55;55;55
298;U21_T6N_Italie-France_231213;6631.448;PENVERNE CODÉ;9;PENVERNE_67;67;792;6.3;9.5;1.5;2. 1, 2. 0, 3. 1, 3.2 0, 3.2 21, 4. 6, 4.2 15;PENVERNE;2.2;1;1;1;1;1;1;1;0;1;0;21;55;55;55;6;15;55;55;55;55;55;55;55;55;55;55;55;55;55;55;55;55;55
299;U21_T6N_Italie-France_231213;7187.247;PENVERNE CODÉ;21;PENVERNE_Pas d’impact;Pas d’impact;0;0;0;0;2. 1, 2. 0, 3. 1, 3.2 1, 3.2.2 0, 3.2.2 0, 4. 10, 4.2 24, 4.3 0, 4.4 26, 4.5 25, 4.6 29, 4.7 32, 4.8 38, 4.9 1, 4.9.2  44, 4.9.2 43, 4.9.3 46, 4.21 49, 4.23.2 52, 4.23.3 54, 4.23.4 1, 4.23.5 41;PENVERNE;0;0;0;0;0;0;0;1;0;1;1;55;0;55;0;10;55;24;0;26;25;29;32;38;1;44;43;46;49;55;52;54;1;41
211;U21_T6N_Italie-France_231213;2891.787;BENMEGAL CODÉ;2;BENMEGAL_246;246;524;4.5;9.7;2.2;2. 0, 2. 0, 3. 1, 3.2 1, 3.2.2 1, 3.2.2.2 4, 3.2.2 0, 4. 10, 4.2 0, 4.3 0, 4.4 26, 4.5 26, 4.6 28, 4.7 1 , 4.8 38, 4.9 1, 4.9.2  43, 4.9.2 42, 4.9.3 46, 4.21 49, 4.23.2 53, 4.23.3 1, 4.23.4 1, 4.23.5 41;BENMEGAL;2.9;1;1;1;1;1;1;0;0;1;1;55;1;4;0;10;55;0;0;26;26;28;1;38;1;43;42;46;49;55;53;1;1;41
212;U21_T6N_Italie-France_231213;4773.412;BENMEGAL CODÉ;2;BENMEGAL_267;267;2683;9.7;23.9;2.9;2. 0, 2. 0, 3. 1, 3.2 1, 3.2.2 1, 3.2.2.2 3, 3.2.2 0, 4. 10, 4.2 0, 4.3 0, 4.4 26, 4.5 26, 4.6 30, 4.7 33, 4.8 38, 4.9 1, 4.9.2  43, 4.9.2 42, 4.9.3 46, 4.21 49, 4.23.2 51, 4.23.3 1, 4.23.4 0, 4.23.5 1;BENMEGAL;9.5;1;1;1;1;1;1;0;0;1;1;55;1;3;0;10;55;0;0;26;26;30;33;38;1;43;42;46;49;55;51;1;0;1
212;U21_T6N_Italie-France_231213;5528.524822222223;BENMEGAL CODÉ;3;BENMEGAL_Pas d’impact;Pas d’impact;0;0;0;0;2. 0, 2. 0, 3. 1, 3.2 1, 3.2.2 0, 3.2.2 0, 4. 10, 4.2 0, 4.3 0, 4.4 26, 4.5 26, 4.6 29, 4.7 1 , 4.8 1 , 4.9 1, 4.9.2 42, 4.9.2 42, 4.9.3 45, 4.21 49, 4.23.2 52, 4.23.3 1, 4.23.4 1, 4.23.5 1;BENMEGAL;0;0;0;0;0;0;0;0;0;1;1;55;0;55;0;10;55;0;0;26;26;29;1;1;1;42;42;45;49;55;52;1;1;1
213;U21_T6N_Italie-France_231213;6272.996;BENMEGAL CODÉ;4;BENMEGAL_291;291;2112;2.6;9.9;1.5;2. 0, 2. 0, 3. 0, 3.2 20;BENMEGAL;1.6;1;1;1;1;1;1;0;0;0;55;20;55;55;55;55;55;55;55;55;55;55;55;55;55;55;55;55;55;55;55;55;55;55
215;U21_T6N_Italie-France_231213;982.698;CASTRO CODÉ;2;CASTRO_69;69;927;21.9;22.8;2.9;2. 0, 2. 0, 3. 0, 3.2 20;CASTRO;21.3;1;1;1;1;1;1;0;0;0;55;20;55;55;55;55;55;55;55;55;55;55;55;55;55;55;55;55;55;55;55;55;55;55
216;U21_T6N_Italie-France_231213;983.495;CASTRO CODÉ;3;CASTRO_71;71;569;5.7;21.6;2.2;2. 0, 2. 0, 3. 1, 3.2 1, 3.2.2 1, 3.2.2.2 3, 3.2.2 1, 4. 10, 4.2 24, 4.3 0, 4.4 25, 4.5 25, 4.6 28, 4.7 33, 4.8 38, 4.9 1, 4.9.2  44, 4.9.2 42, 4.9.3 45, 4.21 49, 4.23.2 51, 4.23.3 1, 4.23.4 0, 4.23.5 41;CASTRO;3.6;1;1;1;1;1;1;0;0;1;1;55;1;3;1;10;55;24;0;25;25;28;33;38;1;44;42;45;49;55;51;1;0;41
217;U21_T6N_Italie-France_231213;2337.2422777777778;CASTRO CODÉ;4;CASTRO_Pas d’impact;Pas d’impact;0;0;0;0;2. 0, 2. 0, 3. 1, 3.2 0, 3.2 21, 4. 6, 4.2 18;CASTRO;0;0;0;0;0;0;0;0;0;1;0;21;55;55;55;6;18;55;55;55;55;55;55;55;55;55;55;55;55;55;55;55;55;55
218;U21_T6N_Italie-France_231213;2848.842;CASTRO CODÉ;5;CASTRO_83;83;2155;7;21.2;1.7;2. 0, 2. 0, 3. 1, 3.2 0, 3.2 21, 4. 6, 4.2 16;CASTRO;2.5;1;1;1;1;1;1;0;0;1;0;21;55;55;55;6;16;55;55;55;55;55;55;55;55;55;55;55;55;55;55;55;55;55
219;U21_T6N_Italie-France_231213;2961.212;CASTRO CODÉ;6;CASTRO_86;86;729;4.5;22.7;2;2. 1, 2. 0, 3. 1, 3.2 0, 3.2 21, 4. 12;CASTRO;2.3;1;1;1;1;1;1;1;0;1;0;21;55;55;55;12;55;55;55;55;55;55;55;55;55;55;55;55;55;55;55;55;55;55
221;U21_T6N_Italie-France_231213;4481.615;CASTRO CODÉ;7;CASTRO_97;97;882;2.4;21;1.5;2. 1, 2. 0, 3. 1, 3.2 1, 3.2.2 1, 3.2.2.2 1, 3.2.2 0, 4. 10, 4.2 0, 4.3 1, 4.4 25, 4.5 25, 4.6 28, 4.7 32, 4.8 1 , 4.9 1, 4.9.2 42, 4.9.2 43, 4.9.3 45, 4.21 49, 4.23.2 51, 4.23.3 54, 4.23.4 0, 4.23.5 41;CASTRO;1.6;1;1;1;1;1;1;1;0;1;1;55;1;1;0;10;55;0;1;25;25;28;32;1;1;42;43;45;49;55;51;54;0;41
222;U21_T6N_Italie-France_231213;4777.264988888889;CASTRO CODÉ;8;CASTRO_Pas d’impact;Pas d’impact;0;0;0;0;2. 0, 2. 0, 3. 1, 3.2 0, 3.2 21, 4. 6, 4.2 17;CASTRO;0;0;0;0;0;0;0;0;0;1;0;21;55;55;55;6;17;55;55;55;55;55;55;55;55;55;55;55;55;55;55;55;55;55
222;U21_T6N_Italie-France_231213;5682.792;CASTRO CODÉ;9;CASTRO_224;224;418;3.5;6.7;1.5;2. 0, 2. 0, 3. 1, 3.2 1, 3.2.2 1, 3.2.2.2 2, 3.2.2 1, 4. 10, 4.2 24, 4.3 0, 4.4 25, 4.5 25, 4.6 28, 4.7 33, 4.8 37, 4.9 1, 4.9.2  43, 4.9.2 43, 4.9.3 46, 4.21 47, 4.23.2 50;CASTRO;1.6;1;1;1;1;1;1;0;0;1;1;55;1;2;1;10;55;24;0;25;25;28;33;37;1;43;43;46;47;50;55;55;55;55
223;U21_T6N_Italie-France_231213;5722.215433333333;CASTRO CODÉ;21;CASTRO_Pas d’impact;Pas d’impact;0;0;0;0;2. 0, 2. 0, 3. 1, 3.2 1, 3.2.2 0, 3.2.2 0, 4. 6, 4.2 18;CASTRO;0;0;0;0;0;0;0;0;0;1;1;55;0;55;0;6;18;55;55;55;55;55;55;55;55;55;55;55;55;55;55;55;55;55
224;U21_T6N_Italie-France_231213;6254.459533333334;CASTRO CODÉ;22;CASTRO_Pas d’impact;Pas d’impact;0;0;0;0;2. 1, 2. 0, 3. 1, 3.2 1, 3.2.2 0, 3.2.2 0, 4. 12;CASTRO;0;0;0;0;0;0;0;1;0;1;1;55;0;55;0;12;55;55;55;55;55;55;55;55;55;55;55;55;55;55;55;55;55;55
225;U21_T6N_Italie-France_231213;6446.741855555556;CASTRO CODÉ;22;CASTRO_Pas d’impact;Pas d’impact;0;0;0;0;2. 0, 2. 0, 3. 1, 3.2 0, 3.2 21, 4. 6, 4.2 18;CASTRO;0;0;0;0;0;0;0;0;0;1;0;21;55;55;55;6;18;55;55;55;55;55;55;55;55;55;55;55;55;55;55;55;55;55
226;U21_T6N_Italie-France_231213;7222.716;CASTRO CODÉ;23;CASTRO_228;228;686;2.2;21.4;1.5;2. 1, 2. 0, 3. 1, 3.2 0, 3.2 21, 4. 12;CASTRO;1.7;1;1;1;1;1;1;1;0;1;0;21;55;55;55;12;55;55;55;55;55;55;55;55;55;55;55;55;55;55;55;55;55;55
227;U21_T6N_Italie-France_231213;7343.498;CASTRO CODÉ;24;CASTRO_231;231;2314;22.3;29.9;2.6;2. 1, 2. 0, 3. 1, 3.2 0, 3.2 21, 4. 10, 4.2 24, 4.3 1, 4.4 25, 4.5 25, 4.6 28, 4.21 49, 4.23.2 53, 4.23.3 54, 4.23.4 0, 4.23.5 41;CASTRO;21.2;1;1;1;1;1;1;1;0;1;0;21;55;55;55;10;55;24;1;25;25;28;55;55;55;55;55;55;49;55;53;54;0;41
228;U21_T6N_Italie-France_231213;6241.297;LACOMBRE CODÉ;2;LACOMBRE_51;51;811;21.2;24.2;2.3;2. 1, 2. 0, 3. 1, 3.2 1, 3.2.2 1, 3.2.2.2 1, 3.2.2 1, 4. 10, 4.2 24, 4.3 0, 4.4 25, 4.5 25, 4.6 28, 4.7 33, 4.8 1 , 4.9 1, 4.9.2  43, 4.9.2 43, 4.9.3 45, 4.21 49, 4.23.2 51, 4.23.3 1, 4.23.4 1, 4.23.5 41;LACOMBRE;5.2;1;1;1;1;1;1;1;0;1;1;55;1;1;1;10;55;24;0;25;25;28;33;1;1;43;43;45;49;55;51;1;1;41
229;U21_T6N_Italie-France_231213;6458.657822222222;LACOMBRE CODÉ;2;LACOMBRE_Pas d’impact;Pas d’impact;0;0;0;0;2. 0, 2. 0, 3. 0, 3.2 20, 4. 6, 4.2 18;LACOMBRE;0;0;0;0;0;0;0;0;0;0;55;20;55;55;55;6;18;55;55;55;55;55;55;55;55;55;55;55;55;55;55;55;55;55
221;U21_T6N_Italie-France_231213;727.4482666666667;MOUSTIN CODÉ;2;MOUSTIN_Pas d’impact;Pas d’impact;0;0;0;0;2. 0, 2. 0, 3. 1, 3.2 1, 3.2.2 1, 3.2.2.2 1, 3.2.2 0, 4. 6, 4.2 16;MOUSTIN;0;0;0;0;0;0;0;0;0;1;1;55;1;1;0;6;16;55;55;55;55;55;55;55;55;55;55;55;55;55;55;55;55;55
222;U21_T6N_Italie-France_231213;2879.512;MOUSTIN CODÉ;2;MOUSTIN_281;281;487;3.7;6.4;1.6;2. 0, 2. 0, 3. 1, 3.2 1, 3.2.2 0, 3.2.2 0, 4. 6, 4.2 16;MOUSTIN;2;1;1;1;1;1;1;0;0;1;1;55;0;55;0;6;16;55;55;55;55;55;55;55;55;55;55;55;55;55;55;55;55;55
222;U21_T6N_Italie-France_231213;3193.9829222222224;MOUSTIN CODÉ;3;MOUSTIN_Pas d’impact;Pas d’impact;0;0;0;0;2. 1, 2. 0, 3. 1, 3.2 1, 3.2.2 1, 3.2.2.2 1, 3.2.2 0, 4. 12;MOUSTIN;0;0;0;0;0;0;0;1;0;1;1;55;1;1;0;12;55;55;55;55;55;55;55;55;55;55;55;55;55;55;55;55;55;55
223;U21_T6N_Italie-France_231213;5466.2673888888885;MOUSTIN CODÉ;4;MOUSTIN_Pas d’impact;Pas d’impact;0;0;0;0;2. 1, 2. 0, 3. 0, 3.2 20;MOUSTIN;0;0;0;0;0;0;0;1;0;0;55;20;55;55;55;55;55;55;55;55;55;55;55;55;55;55;55;55;55;55;55;55;55;55
224;U21_T6N_Italie-France_231213;2923.3;RAFFY CODÉ;2;RAFFY_225;225;369;6.3;6.7;1.7;2. 0, 2. 0, 3. 0, 3.2 19;RAFFY;2.5;1;1;1;1;1;1;0;0;0;55;19;55;55;55;55;55;55;55;55;55;55;55;55;55;55;55;55;55;55;55;55;55;55
225;U21_T6N_Italie-France_231213;5523.216;RAFFY CODÉ;2;RAFFY_243;243;759;6.6;22.4;2.2;2. 0, 2. 0, 3. 1, 3.2 1, 3.2.2.2 2, 3.2.2 0, 4. 6, 4.2 17;RAFFY;3.4;1;1;1;1;1;1;0;0;1;1;55;55;2;0;6;17;55;55;55;55;55;55;55;55;55;55;55;55;55;55;55;55;55
226;U21_T6N_Italie-France_231213;2627.4442;TAREL CODÉ;2;TAREL_Pas d’impact;Pas d’impact;0;0;0;0;2. 0, 2. 0, 3. 1, 3.2 1, 3.2.2 0, 3.2.2 0, 4. 10, 4.2 24, 4.3 0, 4.4 25, 4.5 26, 4.6 29, 4.7 32, 4.8 36, 4.9 1, 4.9.2 42, 4.9.2 43, 4.9.3 45, 4.21 49, 4.23.2 51, 4.23.3 54, 4.23.4 0, 4.23.5 1;TAREL;0;0;0;0;0;0;0;0;0;1;1;55;0;55;0;10;55;24;0;25;26;29;32;36;1;42;43;45;49;55;51;54;0;1
227;U21_T6N_Italie-France_231213;2312.299;TAREL CODÉ;2;TAREL_226;226;29;1.5;6;1.4;2. 0, 2. 0, 3. 0, 3.2 20;TAREL;1.9;1;1;1;1;1;1;0;0;0;55;20;55;55;55;55;55;55;55;55;55;55;55;55;55;55;55;55;55;55;55;55;55;55
228;U21_T6N_Italie-France_231213;3185.295;TAREL CODÉ;3;TAREL_236;236;531;2.7;8;1.3;2. 1, 2. 0, 3. 0, 3.2 20;TAREL;1.3;1;1;1;1;1;1;1;0;0;55;20;55;55;55;55;55;55;55;55;55;55;55;55;55;55;55;55;55;55;55;55;55;55
229;U21_T6N_Italie-France_231213;2996.782322222222;GAMBINI CODÉ;2;GAMBINI_Pas d’impact;Pas d’impact;0;0;0;0;2. 1, 2. 0, 3. 0, 3.2 20;GAMBINI;0;0;0;0;0;0;0;1;0;0;55;20;55;55;55;55;55;55;55;55;55;55;55;55;55;55;55;55;55;55;55;55;55;55